Year,FIPS State code  (00 for US record),FIPS county code ( 0 for US or state level records),Estimate of people of all ages in poverty,90% confidence interval lower bound of,90% confidence interval upper bound of,Estimated percent of people of all ages in poverty,90% confidence interval lower bound of,90% confidence interval upper bound of,Estimate of people age 0-17 in poverty,90% confidence interval lower bound of,90% confidence interval upper bound of,Estimated percent of people age 0-17 in poverty,90% confidence interval lower bound of,90% confidence interval upper bound of,Estimate of related children age 5-17 in families in,90% confidence interval lower bound of estimate of,90% confidence interval upper bound of estimate of,Estimated percent of related children age 5-17 in,90% confidence interval lower bound of estimate of percent,90% confidence interval upper bound of estimate of percent,Estimate of median household income,90% confidence interval lower bound of,90% confidence interval upper bound of,Estimate of people under age 5 in poverty,90% confidence interval lower bound of,90% confidence interval upper bound of,Estimated percent of people under age 5 in poverty,90% confidence interval lower bound of,90% confidence interval upper bound of,State or county name,Two-letter Postal State abbreviation,A tag indicating the file name and date of creation,
2010,27,0,595485,583230,607740,11.5,11.3,11.7,189999,182563,197435,15,14.4,15.6,124031,117459,130603,13.6,12.9,14.3,55422,54978,55866,59780,56238,63322,17.1,16.1,18.1,Minnesota,MN,est10_MN.txt,10/24/2011
2010,27,1,2090,1628,2552,13.1,10.2,16,688,525,851,24.1,18.4,29.8,438,328,548,21.1,15.8,26.4,38646,35689,41603,,,,,,,Aitkin County,MN,est10_MN.txt,10/24/2011
2010,27,3,24288,20565,28011,7.4,6.3,8.5,8655,6999,10311,10.2,8.2,12.2,5700,4557,6843,9.1,7.3,10.9,65732,64199,67265,,,,,,,Anoka County,MN,est10_MN.txt,10/24/2011
2010,27,5,4673,3889,5457,14.6,12.2,17,1773,1422,2124,22.5,18,27,1119,870,1368,19.8,15.4,24.2,43970,40699,47241,,,,,,,Becker County,MN,est10_MN.txt,10/24/2011
2010,27,7,8844,7451,10237,20.8,17.5,24.1,3199,2606,3792,29.6,24.1,35.1,2109,1705,2513,28.4,23,33.8,40308,37290,43326,,,,,,,Beltrami County,MN,est10_MN.txt,10/24/2011
2010,27,9,3989,3295,4683,10.5,8.7,12.3,1180,908,1452,12.7,9.8,15.6,738,558,918,11.4,8.6,14.2,49736,46836,52636,,,,,,,Benton County,MN,est10_MN.txt,10/24/2011
2010,27,11,579,450,708,11.3,8.8,13.8,168,129,207,15.5,11.9,19.1,111,84,138,14,10.6,17.4,40829,37853,43805,,,,,,,Big Stone County,MN,est10_MN.txt,10/24/2011
2010,27,13,10194,9061,11327,16.9,15,18.8,1769,1413,2125,14.5,11.6,17.4,1226,987,1465,14.6,11.7,17.5,46835,43727,49943,,,,,,,Blue Earth County,MN,est10_MN.txt,10/24/2011
2010,27,15,2317,1893,2741,9.3,7.6,11,670,523,817,11.9,9.3,14.5,445,347,543,11,8.6,13.4,43924,41389,46459,,,,,,,Brown County,MN,est10_MN.txt,10/24/2011
2010,27,17,3634,2992,4276,10.8,8.9,12.7,1071,839,1303,13.1,10.3,15.9,682,524,840,11.6,8.9,14.3,48959,45517,52401,,,,,,,Carlton County,MN,est10_MN.txt,10/24/2011
2010,27,19,4425,3513,5337,4.9,3.9,5.9,1515,1173,1857,5.6,4.3,6.9,965,745,1185,4.7,3.6,5.8,81935,77483,86387,,,,,,,Carver County,MN,est10_MN.txt,10/24/2011
2010,27,21,4655,3897,5413,16.4,13.7,19.1,1645,1282,2008,27,21,33,1116,851,1381,25.7,19.6,31.8,40580,38129,43031,,,,,,,Cass County,MN,est10_MN.txt,10/24/2011
2010,27,23,1226,958,1494,10,7.8,12.2,438,331,545,15.2,11.5,18.9,285,214,356,14,10.5,17.5,44717,40812,48622,,,,,,,Chippewa County,MN,est10_MN.txt,10/24/2011
2010,27,25,3909,3125,4693,7.4,5.9,8.9,1286,998,1574,9.4,7.3,11.5,814,626,1002,7.9,6.1,9.7,63237,60996,65478,,,,,,,Chisago County,MN,est10_MN.txt,10/24/2011
2010,27,27,7105,5990,8220,12.8,10.8,14.8,1993,1566,2420,14.6,11.5,17.7,1288,991,1585,13.5,10.4,16.6,48395,44870,51920,,,,,,,Clay County,MN,est10_MN.txt,10/24/2011
2010,27,29,1348,1056,1640,15.7,12.3,19.1,530,401,659,24.6,18.6,30.6,363,276,450,23.6,17.9,29.3,41913,39000,44826,,,,,,,Clearwater County,MN,est10_MN.txt,10/24/2011
2010,27,31,494,375,613,9.6,7.3,11.9,139,105,173,15.8,12,19.6,89,67,111,13.7,10.3,17.1,43694,39606,47782,,,,,,,Cook County,MN,est10_MN.txt,10/24/2011
2010,27,33,1269,993,1545,11,8.6,13.4,432,327,537,15.5,11.7,19.3,275,205,345,13.4,10,16.8,44219,40954,47484,,,,,,,Cottonwood County,MN,est10_MN.txt,10/24/2011
2010,27,35,7624,6381,8867,12.3,10.3,14.3,2502,1921,3083,17.7,13.6,21.8,1692,1298,2086,16.8,12.9,20.7,45068,42613,47523,,,,,,,Crow Wing County,MN,est10_MN.txt,10/24/2011
2010,27,37,27650,24403,30897,7,6.2,7.8,9400,7904,10896,9,7.6,10.4,5841,4729,6953,7.7,6.2,9.2,69688,67650,71726,,,,,,,Dakota County,MN,est10_MN.txt,10/24/2011
2010,27,39,1370,1055,1685,6.9,5.3,8.5,520,391,649,9,6.8,11.2,348,260,436,8.2,6.1,10.3,60398,56496,64300,,,,,,,Dodge County,MN,est10_MN.txt,10/24/2011
2010,27,41,3423,2802,4044,9.6,7.9,11.3,992,754,1230,12.8,9.7,15.9,655,491,819,11.8,8.8,14.8,48434,45605,51263,,,,,,,Douglas County,MN,est10_MN.txt,10/24/2011
2010,27,43,1522,1168,1876,10.8,8.3,13.3,565,424,706,18.4,13.8,23,373,280,466,16.6,12.4,20.8,44645,40906,48384,,,,,,,Faribault County,MN,est10_MN.txt,10/24/2011
2010,27,45,2543,2053,3033,12.4,10,14.8,933,731,1135,18.6,14.6,22.6,649,511,787,18.4,14.5,22.3,45476,42118,48834,,,,,,,Fillmore County,MN,est10_MN.txt,10/24/2011
2010,27,47,3773,3153,4393,12.3,10.3,14.3,1152,907,1397,17.2,13.6,20.8,723,558,888,15.1,11.6,18.6,42250,39650,44850,,,,,,,Freeborn County,MN,est10_MN.txt,10/24/2011
2010,27,49,3763,3035,4491,8.3,6.7,9.9,1229,943,1515,11.5,8.8,14.2,806,611,1001,10.4,7.9,12.9,55687,51886,59488,,,,,,,Goodhue County,MN,est10_MN.txt,10/24/2011
2010,27,51,641,508,774,10.8,8.5,13.1,207,160,254,16.2,12.5,19.9,135,103,167,15,11.4,18.6,44039,40462,47616,,,,,,,Grant County,MN,est10_MN.txt,10/24/2011
2010,27,53,155936,148556,163316,13.7,13,14.4,48138,44519,51757,18.7,17.3,20.1,32247,29598,34896,17.7,16.2,19.2,59252,57899,60605,,,,,,,Hennepin County,MN,est10_MN.txt,10/24/2011
2010,27,55,1747,1402,2092,9.3,7.5,11.1,547,414,680,12.5,9.4,15.6,363,273,453,11.3,8.5,14.1,50732,46688,54776,,,,,,,Houston County,MN,est10_MN.txt,10/24/2011
2010,27,57,2581,2112,3050,12.8,10.5,15.1,889,684,1094,20.4,15.7,25.1,566,425,707,18.3,13.7,22.9,42021,39400,44642,,,,,,,Hubbard County,MN,est10_MN.txt,10/24/2011
2010,27,59,3324,2619,4029,8.9,7,10.8,1146,868,1424,11.9,9,14.8,770,578,962,11.2,8.4,14,55431,52383,58479,,,,,,,Isanti County,MN,est10_MN.txt,10/24/2011
2010,27,61,5394,4353,6435,12.2,9.8,14.6,1810,1401,2219,19.2,14.9,23.5,1225,931,1519,17.6,13.4,21.8,45813,42446,49180,,,,,,,Itasca County,MN,est10_MN.txt,10/24/2011
2010,27,63,986,769,1203,9.7,7.6,11.8,333,252,414,14.6,11.1,18.1,223,168,278,13.3,10.1,16.5,50251,47341,53161,,,,,,,Jackson County,MN,est10_MN.txt,10/24/2011
2010,27,65,2172,1735,2609,13.6,10.9,16.3,772,590,954,20.4,15.6,25.2,522,397,647,18.5,14.1,22.9,42737,40492,44982,,,,,,,Kanabec County,MN,est10_MN.txt,10/24/2011
2010,27,67,6068,5265,6871,14.6,12.7,16.5,2215,1881,2549,22.3,18.9,25.7,1352,1105,1599,19.4,15.9,22.9,44926,42590,47262,,,,,,,Kandiyohi County,MN,est10_MN.txt,10/24/2011
2010,27,69,444,346,542,10,7.8,12.2,143,109,177,14.5,11,18,95,71,119,12.5,9.4,15.6,43980,40313,47647,,,,,,,Kittson County,MN,est10_MN.txt,10/24/2011
2010,27,71,1910,1521,2299,14.6,11.6,17.6,604,464,744,22,16.9,27.1,395,299,491,18.9,14.3,23.5,41695,37862,45528,,,,,,,Koochiching County,MN,est10_MN.txt,10/24/2011
2010,27,73,694,538,850,9.8,7.6,12,220,166,274,14.6,11,18.2,150,112,188,13.2,9.9,16.5,44852,40973,48731,,,,,,,Lac qui Parle County,MN,est10_MN.txt,10/24/2011
2010,27,75,1191,959,1423,11.2,9,13.4,321,246,396,15.8,12.1,19.5,203,154,252,14,10.6,17.4,47499,43157,51841,,,,,,,Lake County,MN,est10_MN.txt,10/24/2011
2010,27,77,464,352,576,11.7,8.9,14.5,153,116,190,19.1,14.5,23.7,104,78,130,17.7,13.3,22.1,39391,35900,42882,,,,,,,Lake of the Woods County,MN,est10_MN.txt,10/24/2011
2010,27,79,2515,2037,2993,9.2,7.5,10.9,813,640,986,11.7,9.2,14.2,545,428,662,10.7,8.4,13,55946,52058,59834,,,,,,,Le Sueur County,MN,est10_MN.txt,10/24/2011
2010,27,81,577,454,700,10,7.9,12.1,190,143,237,14.5,10.9,18.1,131,98,164,14.1,10.6,17.6,43358,39764,46952,,,,,,,Lincoln County,MN,est10_MN.txt,10/24/2011
2010,27,83,2836,2299,3373,11.4,9.2,13.6,865,670,1060,14,10.9,17.1,566,432,700,13.1,10,16.2,49218,45791,52645,,,,,,,Lyon County,MN,est10_MN.txt,10/24/2011
2010,27,85,3093,2508,3678,8.5,6.9,10.1,1070,839,1301,11.7,9.2,14.2,667,504,830,10,7.5,12.5,53426,49129,57723,,,,,,,McLeod County,MN,est10_MN.txt,10/24/2011
2010,27,87,1179,960,1398,22.1,18,26.2,528,408,648,33.9,26.2,41.6,356,274,438,33,25.5,40.5,35978,33350,38606,,,,,,,Mahnomen County,MN,est10_MN.txt,10/24/2011
2010,27,89,768,582,954,8.2,6.2,10.2,281,211,351,12.9,9.7,16.1,185,138,232,11.4,8.5,14.3,47504,43948,51060,,,,,,,Marshall County,MN,est10_MN.txt,10/24/2011
2010,27,91,2382,1848,2916,11.6,9,14.2,824,628,1020,18.1,13.8,22.4,556,422,690,16.7,12.7,20.7,47910,45293,50527,,,,,,,Martin County,MN,est10_MN.txt,10/24/2011
2010,27,93,2049,1600,2498,8.9,6.9,10.9,721,552,890,12.4,9.5,15.3,479,365,593,11.4,8.7,14.1,49784,47161,52407,,,,,,,Meeker County,MN,est10_MN.txt,10/24/2011
2010,27,95,3338,2770,3906,13.1,10.9,15.3,1165,925,1405,18.3,14.5,22.1,767,604,930,17,13.4,20.6,41944,38759,45129,,,,,,,Mille Lacs County,MN,est10_MN.txt,10/24/2011
2010,27,97,4386,3605,5167,13.4,11,15.8,1478,1162,1794,18.4,14.5,22.3,952,740,1164,16.5,12.8,20.2,42898,40041,45755,,,,,,,Morrison County,MN,est10_MN.txt,10/24/2011
2010,27,99,4741,3863,5619,12.3,10,14.6,1584,1222,1946,16.4,12.6,20.2,1050,795,1305,15.4,11.7,19.1,43122,40161,46083,,,,,,,Mower County,MN,est10_MN.txt,10/24/2011
2010,27,101,763,596,930,8.9,6.9,10.9,252,191,313,13.3,10.1,16.5,171,130,212,12.5,9.5,15.5,50262,46671,53853,,,,,,,Murray County,MN,est10_MN.txt,10/24/2011
2010,27,103,2756,2136,3376,9,7,11,795,602,988,11,8.3,13.7,501,376,626,9.8,7.4,12.2,58065,55293,60837,,,,,,,Nicollet County,MN,est10_MN.txt,10/24/2011
2010,27,105,2903,2353,3453,13.8,11.2,16.4,1005,780,1230,18.7,14.5,22.9,652,497,807,17.6,13.4,21.8,44777,40700,48854,,,,,,,Nobles County,MN,est10_MN.txt,10/24/2011
2010,27,107,754,567,941,11.3,8.5,14.1,287,212,362,17.7,13.1,22.3,196,146,246,16.1,12,20.2,41375,38767,43983,,,,,,,Norman County,MN,est10_MN.txt,10/24/2011
2010,27,109,12151,10146,14156,8.5,7.1,9.9,4000,3143,4857,11.1,8.7,13.5,2532,1944,3120,10,7.7,12.3,61362,58617,64107,,,,,,,Olmsted County,MN,est10_MN.txt,10/24/2011
2010,27,111,7519,6408,8630,13.4,11.4,15.4,2348,1940,2756,19.2,15.9,22.5,1492,1200,1784,16.7,13.4,20,44096,41315,46877,,,,,,,Otter Tail County,MN,est10_MN.txt,10/24/2011
2010,27,113,1560,1206,1914,11.5,8.9,14.1,487,367,607,15.1,11.4,18.8,328,247,409,14.4,10.8,18,43256,39293,47219,,,,,,,Pennington County,MN,est10_MN.txt,10/24/2011
2010,27,115,4219,3474,4964,15.2,12.5,17.9,1388,1082,1694,21.7,16.9,26.5,942,729,1155,20.2,15.6,24.8,42035,39038,45032,,,,,,,Pine County,MN,est10_MN.txt,10/24/2011
2010,27,117,986,783,1189,10.5,8.3,12.7,370,280,460,15.9,12.1,19.7,234,174,294,13.9,10.3,17.5,44880,41534,48226,,,,,,,Pipestone County,MN,est10_MN.txt,10/24/2011
2010,27,119,3578,2768,4388,11.7,9,14.4,1153,858,1448,15.6,11.6,19.6,742,549,935,14,10.3,17.7,46500,42640,50360,,,,,,,Polk County,MN,est10_MN.txt,10/24/2011
2010,27,121,1136,893,1379,10.5,8.3,12.7,347,263,431,15.1,11.4,18.8,232,173,291,14.1,10.5,17.7,45149,41048,49250,,,,,,,Pope County,MN,est10_MN.txt,10/24/2011
2010,27,123,84698,79319,90077,17.2,16.1,18.3,29067,26315,31819,24.9,22.5,27.3,19313,17327,21299,23.6,21.2,26,50224,48960,51488,,,,,,,Ramsey County,MN,est10_MN.txt,10/24/2011
2010,27,125,445,351,539,11,8.7,13.3,157,121,193,16.1,12.4,19.8,103,79,127,14.7,11.2,18.2,44964,41712,48216,,,,,,,Red Lake County,MN,est10_MN.txt,10/24/2011
2010,27,127,1509,1176,1842,9.6,7.5,11.7,547,417,677,13.9,10.6,17.2,364,276,452,12.7,9.6,15.8,46906,42944,50868,,,,,,,Redwood County,MN,est10_MN.txt,10/24/2011
2010,27,129,1730,1373,2087,11.3,9,13.6,608,468,748,17,13.1,20.9,398,303,493,14.9,11.3,18.5,49896,47573,52219,,,,,,,Renville County,MN,est10_MN.txt,10/24/2011
2010,27,131,5872,4715,7029,10.3,8.3,12.3,1811,1403,2219,12.1,9.4,14.8,1127,855,1399,10.4,7.9,12.9,55905,51850,59960,,,,,,,Rice County,MN,est10_MN.txt,10/24/2011
2010,27,133,1017,830,1204,10.8,8.8,12.8,342,277,407,14,11.3,16.7,193,147,239,11,8.4,13.6,44751,40980,48522,,,,,,,Rock County,MN,est10_MN.txt,10/24/2011
2010,27,135,1438,1150,1726,9.4,7.5,11.3,496,385,607,12.5,9.7,15.3,322,246,398,10.8,8.2,13.4,47212,43879,50545,,,,,,,Roseau County,MN,est10_MN.txt,10/24/2011
2010,27,137,33324,30575,36073,17.4,16,18.8,8278,7162,9394,21.6,18.7,24.5,4772,3935,5609,17.4,14.3,20.5,42087,40577,43597,,,,,,,St. Louis County,MN,est10_MN.txt,10/24/2011
2010,27,139,6518,5304,7732,5.1,4.2,6,2405,1831,2979,6.2,4.7,7.7,1535,1158,1912,5.4,4.1,6.7,78307,75034,81580,,,,,,,Scott County,MN,est10_MN.txt,10/24/2011
2010,27,141,6193,5019,7367,7.2,5.8,8.6,2144,1683,2605,8.4,6.6,10.2,1342,1035,1649,7.3,5.6,9,69699,66579,72819,,,,,,,Sherburne County,MN,est10_MN.txt,10/24/2011
2010,27,143,1509,1195,1823,10,7.9,12.1,566,439,693,14.8,11.5,18.1,359,276,442,12.9,9.9,15.9,47048,44144,49952,,,,,,,Sibley County,MN,est10_MN.txt,10/24/2011
2010,27,145,17404,15255,19553,12.1,10.6,13.6,4448,3634,5262,13,10.6,15.4,2816,2241,3391,11.5,9.1,13.9,50195,47911,52479,,,,,,,Stearns County,MN,est10_MN.txt,10/24/2011
2010,27,147,3733,3136,4330,10.4,8.7,12.1,1292,1034,1550,13.6,10.9,16.3,801,624,978,11.7,9.1,14.3,51069,48198,53940,,,,,,,Steele County,MN,est10_MN.txt,10/24/2011
2010,27,149,1014,785,1243,11.4,8.8,14,221,167,275,11,8.3,13.7,135,102,168,9.5,7.2,11.8,48885,44397,53373,,,,,,,Stevens County,MN,est10_MN.txt,10/24/2011
2010,27,151,953,733,1173,9.9,7.6,12.2,293,220,366,13.7,10.3,17.1,190,142,238,12.1,9,15.2,43357,39911,46803,,,,,,,Swift County,MN,est10_MN.txt,10/24/2011
2010,27,153,4148,3506,4790,16.9,14.3,19.5,1544,1255,1833,25.3,20.6,30,1038,834,1242,23.6,19,28.2,40183,37712,42654,,,,,,,Todd County,MN,est10_MN.txt,10/24/2011
2010,27,155,455,359,551,13.2,10.4,16,146,112,180,19.5,14.9,24.1,100,77,123,17.2,13.2,21.2,41666,37677,45655,,,,,,,Traverse County,MN,est10_MN.txt,10/24/2011
2010,27,157,1597,1223,1971,7.5,5.8,9.2,536,399,673,10.8,8,13.6,366,273,459,10.1,7.6,12.6,51702,48580,54824,,,,,,,Wabasha County,MN,est10_MN.txt,10/24/2011
2010,27,159,2250,1795,2705,16.8,13.4,20.2,783,604,962,24.1,18.6,29.6,531,408,654,22.8,17.5,28.1,36412,33324,39500,,,,,,,Wadena County,MN,est10_MN.txt,10/24/2011
2010,27,161,1902,1518,2286,10.7,8.5,12.9,664,517,811,15,11.7,18.3,440,340,540,13.7,10.6,16.8,50149,45954,54344,,,,,,,Waseca County,MN,est10_MN.txt,10/24/2011
2010,27,163,13697,11529,15865,5.8,4.9,6.7,4490,3641,5339,7.1,5.8,8.4,2834,2253,3415,5.9,4.7,7.1,77591,74723,80459,,,,,,,Washington County,MN,est10_MN.txt,10/24/2011
2010,27,165,1263,980,1546,11.4,8.8,14,476,365,587,17.2,13.2,21.2,298,222,374,15,11.2,18.8,43699,39760,47638,,,,,,,Watonwan County,MN,est10_MN.txt,10/24/2011
2010,27,167,608,468,748,9.5,7.3,11.7,207,156,258,13.6,10.2,17,137,102,172,11.9,8.9,14.9,48611,44449,52773,,,,,,,Wilkin County,MN,est10_MN.txt,10/24/2011
2010,27,169,7252,6196,8308,15.4,13.2,17.6,1479,1149,1809,15.1,11.7,18.5,982,764,1200,13.9,10.8,17,42113,39599,44627,,,,,,,Winona County,MN,est10_MN.txt,10/24/2011
2010,27,171,7210,5797,8623,5.8,4.7,6.9,2667,2050,3284,7.2,5.5,8.9,1766,1343,2189,6.8,5.2,8.4,66714,62800,70628,,,,,,,Wright County,MN,est10_MN.txt,10/24/2011
2010,27,173,1299,1083,1515,12.7,10.6,14.8,438,359,517,18.1,14.9,21.3,293,239,347,16.8,13.7,19.9,46595,43101,50089,,,,,,,Yellow Medicine County,MN,est10_MN.txt,10/24/2011
2011,27,0,617185,603742,630628,11.8,11.5,12.1,192156,184615,199697,15.3,14.7,15.9,123399,117158,129640,13.6,12.9,14.3,56944,56467,57421,63180,59041,67319,18.2,17,19.4,Minnesota,MN,est11_MN.txt,11/28/2012
2011,27,1,2101,1735,2467,13.2,10.9,15.5,640,481,799,22.9,17.2,28.6,434,318,550,21.2,15.5,26.9,39958,37015,42901,,,,,,,Aitkin County,MN,est11_MN.txt,11/28/2012
2011,27,3,28257,25257,31257,8.6,7.7,9.5,9323,7912,10734,11.1,9.4,12.8,6041,5022,7060,9.8,8.1,11.5,63799,62047,65551,,,,,,,Anoka County,MN,est11_MN.txt,11/28/2012
2011,27,5,4176,3525,4827,12.9,10.9,14.9,1595,1269,1921,20.4,16.2,24.6,1010,755,1265,17.7,13.2,22.2,47819,45653,49985,,,,,,,Becker County,MN,est11_MN.txt,11/28/2012
2011,27,7,8835,7536,10134,20.4,17.4,23.4,3280,2681,3879,29.6,24.2,35,2135,1681,2589,27.9,22,33.8,40657,37252,44062,,,,,,,Beltrami County,MN,est11_MN.txt,11/28/2012
2011,27,9,4381,3629,5133,11.5,9.5,13.5,1320,1040,1600,14.1,11.1,17.1,819,622,1016,12.4,9.4,15.4,49482,45634,53330,,,,,,,Benton County,MN,est11_MN.txt,11/28/2012
2011,27,11,765,633,897,15,12.4,17.6,225,178,272,21,16.6,25.4,146,112,180,19,14.5,23.5,43190,39697,46683,,,,,,,Big Stone County,MN,est11_MN.txt,11/28/2012
2011,27,13,11085,9946,12224,18.3,16.4,20.2,2100,1760,2440,17.3,14.5,20.1,1268,1020,1516,15.1,12.1,18.1,46280,42822,49738,,,,,,,Blue Earth County,MN,est11_MN.txt,11/28/2012
2011,27,15,1980,1560,2400,8,6.3,9.7,631,477,785,11.5,8.7,14.3,414,306,522,10.4,7.7,13.1,50339,46804,53874,,,,,,,Brown County,MN,est11_MN.txt,11/28/2012
2011,27,17,4118,3445,4791,12.2,10.2,14.2,1074,849,1299,13.4,10.6,16.2,686,520,852,11.7,8.9,14.5,49357,46281,52433,,,,,,,Carlton County,MN,est11_MN.txt,11/28/2012
2011,27,19,4926,3982,5870,5.4,4.4,6.4,1678,1325,2031,6.2,4.9,7.5,1049,807,1291,5.1,3.9,6.3,85314,79920,90708,,,,,,,Carver County,MN,est11_MN.txt,11/28/2012
2011,27,21,5142,4473,5811,18.3,15.9,20.7,1758,1451,2065,30.1,24.8,35.4,1179,945,1413,28.2,22.6,33.8,42297,39938,44656,,,,,,,Cass County,MN,est11_MN.txt,11/28/2012
2011,27,23,1318,1047,1589,10.9,8.7,13.1,455,357,553,16.1,12.6,19.6,293,224,362,14.5,11.1,17.9,46545,42692,50398,,,,,,,Chippewa County,MN,est11_MN.txt,11/28/2012
2011,27,25,3525,2791,4259,6.7,5.3,8.1,1171,880,1462,8.8,6.6,11,760,557,963,7.5,5.5,9.5,62776,58346,67206,,,,,,,Chisago County,MN,est11_MN.txt,11/28/2012
2011,27,27,8294,7096,9492,14.8,12.7,16.9,2245,1817,2673,16.6,13.4,19.8,1438,1128,1748,15.2,11.9,18.5,52731,49424,56038,,,,,,,Clay County,MN,est11_MN.txt,11/28/2012
2011,27,29,1638,1369,1907,18.9,15.8,22,639,511,767,30.2,24.2,36.2,424,330,518,27.8,21.7,33.9,36697,34713,38681,,,,,,,Clearwater County,MN,est11_MN.txt,11/28/2012
2011,27,31,562,447,677,10.9,8.7,13.1,144,113,175,16.6,13,20.2,91,70,112,14.1,10.8,17.4,44278,39793,48763,,,,,,,Cook County,MN,est11_MN.txt,11/28/2012
2011,27,33,1347,1063,1631,11.7,9.2,14.2,457,348,566,16.6,12.6,20.6,278,202,354,13.7,10,17.4,44504,40539,48469,,,,,,,Cottonwood County,MN,est11_MN.txt,11/28/2012
2011,27,35,8301,7045,9557,13.4,11.4,15.4,2686,2153,3219,19.3,15.5,23.1,1804,1423,2185,18.1,14.3,21.9,45514,42503,48525,,,,,,,Crow Wing County,MN,est11_MN.txt,11/28/2012
2011,27,37,27972,24596,31348,7,6.2,7.8,9441,7809,11073,9.2,7.6,10.8,6074,4902,7246,8,6.4,9.6,70064,68279,71849,,,,,,,Dakota County,MN,est11_MN.txt,11/28/2012
2011,27,39,1483,1177,1789,7.4,5.9,8.9,574,444,704,10.1,7.8,12.4,368,277,459,8.7,6.6,10.8,65423,60604,70242,,,,,,,Dodge County,MN,est11_MN.txt,11/28/2012
2011,27,41,3869,3200,4538,10.8,8.9,12.7,1054,818,1290,13.7,10.6,16.8,693,520,866,12.5,9.4,15.6,49161,46341,51981,,,,,,,Douglas County,MN,est11_MN.txt,11/28/2012
2011,27,43,1921,1547,2295,13.6,11,16.2,640,502,778,20.9,16.4,25.4,419,320,518,18.8,14.4,23.2,43567,40145,46989,,,,,,,Faribault County,MN,est11_MN.txt,11/28/2012
2011,27,45,2507,2056,2958,12.2,10,14.4,877,686,1068,17.9,14,21.8,582,443,721,16.6,12.6,20.6,47241,44311,50171,,,,,,,Fillmore County,MN,est11_MN.txt,11/28/2012
2011,27,47,3792,3156,4428,12.4,10.3,14.5,1148,897,1399,17.3,13.5,21.1,761,584,938,16,12.3,19.7,44352,41398,47306,,,,,,,Freeborn County,MN,est11_MN.txt,11/28/2012
2011,27,49,4156,3449,4863,9.2,7.6,10.8,1351,1083,1619,12.8,10.3,15.3,917,728,1106,12,9.5,14.5,54724,50161,59287,,,,,,,Goodhue County,MN,est11_MN.txt,11/28/2012
2011,27,51,613,484,742,10.4,8.2,12.6,205,156,254,16.3,12.4,20.2,131,96,166,14.8,10.8,18.8,43715,40179,47251,,,,,,,Grant County,MN,est11_MN.txt,11/28/2012
2011,27,53,156330,148419,164241,13.6,12.9,14.3,45890,42077,49703,17.7,16.2,19.2,29537,26605,32469,16.1,14.5,17.7,60811,59850,61772,,,,,,,Hennepin County,MN,est11_MN.txt,11/28/2012
2011,27,55,1782,1440,2124,9.5,7.7,11.3,530,422,638,12.6,10,15.2,352,275,429,11.2,8.8,13.6,52325,48487,56163,,,,,,,Houston County,MN,est11_MN.txt,11/28/2012
2011,27,57,2835,2322,3348,14.1,11.5,16.7,969,760,1178,22.8,17.9,27.7,650,497,803,21.4,16.4,26.4,41196,38445,43947,,,,,,,Hubbard County,MN,est11_MN.txt,11/28/2012
2011,27,59,3334,2638,4030,8.8,7,10.6,1190,908,1472,12.5,9.5,15.5,805,601,1009,11.6,8.7,14.5,57860,53548,62172,,,,,,,Isanti County,MN,est11_MN.txt,11/28/2012
2011,27,61,6201,5240,7162,14.1,11.9,16.3,1934,1531,2337,20.7,16.4,25,1243,944,1542,18,13.7,22.3,44957,42546,47368,,,,,,,Itasca County,MN,est11_MN.txt,11/28/2012
2011,27,63,1124,915,1333,11.2,9.1,13.3,388,313,463,17.3,13.9,20.7,255,201,309,15.4,12.1,18.7,47337,44681,49993,,,,,,,Jackson County,MN,est11_MN.txt,11/28/2012
2011,27,65,2293,1844,2742,14.4,11.6,17.2,805,634,976,22,17.3,26.7,546,421,671,20,15.4,24.6,44691,41101,48281,,,,,,,Kanabec County,MN,est11_MN.txt,11/28/2012
2011,27,67,5253,4345,6161,12.7,10.5,14.9,1817,1429,2205,18.6,14.6,22.6,1186,908,1464,17.1,13.1,21.1,49543,46292,52794,,,,,,,Kandiyohi County,MN,est11_MN.txt,11/28/2012
2011,27,69,472,370,574,10.7,8.4,13,152,117,187,15.6,12,19.2,100,75,125,13.4,10,16.8,45740,41673,49807,,,,,,,Kittson County,MN,est11_MN.txt,11/28/2012
2011,27,71,1820,1439,2201,14,11.1,16.9,574,438,710,21.5,16.4,26.6,381,282,480,18.6,13.8,23.4,42771,38444,47098,,,,,,,Koochiching County,MN,est11_MN.txt,11/28/2012
2011,27,73,732,583,881,10.4,8.3,12.5,216,167,265,14.6,11.3,17.9,143,108,178,12.9,9.7,16.1,49670,46283,53057,,,,,,,Lac qui Parle County,MN,est11_MN.txt,11/28/2012
2011,27,75,1116,880,1352,10.5,8.3,12.7,340,263,417,17,13.1,20.9,216,162,270,15.2,11.4,19,48683,44445,52921,,,,,,,Lake County,MN,est11_MN.txt,11/28/2012
2011,27,77,503,397,609,12.8,10.1,15.5,141,108,174,18.1,13.9,22.3,94,70,118,16.2,12.1,20.3,39777,35688,43866,,,,,,,Lake of the Woods County,MN,est11_MN.txt,11/28/2012
2011,27,79,2462,2027,2897,9,7.4,10.6,767,599,935,11.2,8.7,13.7,505,384,626,10,7.6,12.4,54468,50410,58526,,,,,,,Le Sueur County,MN,est11_MN.txt,11/28/2012
2011,27,81,559,449,669,9.8,7.9,11.7,163,123,203,12.7,9.6,15.8,109,80,138,11.8,8.7,14.9,43996,39776,48216,,,,,,,Lincoln County,MN,est11_MN.txt,11/28/2012
2011,27,83,3014,2422,3606,12.1,9.7,14.5,1007,797,1217,16.3,12.9,19.7,635,485,785,14.8,11.3,18.3,50031,46168,53894,,,,,,,Lyon County,MN,est11_MN.txt,11/28/2012
2011,27,85,2970,2367,3573,8.2,6.5,9.9,1005,774,1236,11.2,8.6,13.8,649,484,814,9.9,7.4,12.4,52120,48759,55481,,,,,,,McLeod County,MN,est11_MN.txt,11/28/2012
2011,27,87,1303,1112,1494,24.3,20.7,27.9,592,481,703,37.4,30.4,44.4,387,303,471,35.5,27.8,43.2,37593,34856,40330,,,,,,,Mahnomen County,MN,est11_MN.txt,11/28/2012
2011,27,89,952,785,1119,10.1,8.3,11.9,276,213,339,12.9,10,15.8,163,119,207,10.3,7.6,13,47760,44379,51141,,,,,,,Marshall County,MN,est11_MN.txt,11/28/2012
2011,27,91,2548,2061,3035,12.5,10.1,14.9,831,644,1018,18.7,14.5,22.9,556,422,690,17.2,13.1,21.3,44597,40702,48492,,,,,,,Martin County,MN,est11_MN.txt,11/28/2012
2011,27,93,2126,1711,2541,9.3,7.5,11.1,739,572,906,12.8,9.9,15.7,493,373,613,11.8,8.9,14.7,51299,48542,54056,,,,,,,Meeker County,MN,est11_MN.txt,11/28/2012
2011,27,95,3337,2744,3930,13.2,10.9,15.5,1184,937,1431,18.9,15,22.8,783,602,964,17.5,13.5,21.5,43155,39555,46755,,,,,,,Mille Lacs County,MN,est11_MN.txt,11/28/2012
2011,27,97,3983,3277,4689,12.1,10,14.2,1339,1042,1636,16.8,13.1,20.5,909,697,1121,15.9,12.2,19.6,44928,42323,47533,,,,,,,Morrison County,MN,est11_MN.txt,11/28/2012
2011,27,99,5303,4407,6199,13.7,11.4,16,1915,1561,2269,19.6,16,23.2,1280,1022,1538,18.7,14.9,22.5,46860,43879,49841,,,,,,,Mower County,MN,est11_MN.txt,11/28/2012
2011,27,101,796,630,962,9.4,7.4,11.4,251,192,310,13.5,10.3,16.7,164,122,206,12.3,9.2,15.4,52281,48028,56534,,,,,,,Murray County,MN,est11_MN.txt,11/28/2012
2011,27,103,3148,2611,3685,10.3,8.5,12.1,858,676,1040,12,9.4,14.6,505,371,639,10,7.4,12.6,55360,51114,59606,,,,,,,Nicollet County,MN,est11_MN.txt,11/28/2012
2011,27,105,3056,2557,3555,14.5,12.1,16.9,1135,930,1340,20.8,17,24.6,692,541,843,18.7,14.6,22.8,44945,41252,48638,,,,,,,Nobles County,MN,est11_MN.txt,11/28/2012
2011,27,107,842,669,1015,12.5,9.9,15.1,297,231,363,18.5,14.4,22.6,190,144,236,15.5,11.7,19.3,44576,40668,48484,,,,,,,Norman County,MN,est11_MN.txt,11/28/2012
2011,27,109,11429,9328,13530,8,6.5,9.5,3910,2994,4826,10.8,8.3,13.3,2678,2018,3338,10.5,7.9,13.1,66997,63349,70645,,,,,,,Olmsted County,MN,est11_MN.txt,11/28/2012
2011,27,111,6434,5353,7515,11.4,9.5,13.3,1891,1472,2310,15.7,12.2,19.2,1234,914,1554,14.1,10.5,17.7,47879,45083,50675,,,,,,,Otter Tail County,MN,est11_MN.txt,11/28/2012
2011,27,113,1730,1410,2050,12.6,10.3,14.9,531,416,646,16.5,12.9,20.1,354,271,437,15.6,11.9,19.3,41986,39238,44734,,,,,,,Pennington County,MN,est11_MN.txt,11/28/2012
2011,27,115,4398,3688,5108,15.9,13.3,18.5,1490,1206,1774,24,19.4,28.6,1008,803,1213,22.3,17.8,26.8,42447,39563,45331,,,,,,,Pine County,MN,est11_MN.txt,11/28/2012
2011,27,117,1179,950,1408,12.7,10.2,15.2,413,317,509,17.8,13.6,22,271,202,340,16.2,12.1,20.3,43726,40067,47385,,,,,,,Pipestone County,MN,est11_MN.txt,11/28/2012
2011,27,119,4391,3845,4937,14.5,12.7,16.3,1478,1241,1715,20.4,17.1,23.7,829,643,1015,15.8,12.3,19.3,49978,46726,53230,,,,,,,Polk County,MN,est11_MN.txt,11/28/2012
2011,27,121,1101,858,1344,10.3,8,12.6,315,238,392,14,10.6,17.4,212,157,267,13.3,9.8,16.8,47165,42944,51386,,,,,,,Pope County,MN,est11_MN.txt,11/28/2012
2011,27,123,88308,82473,94143,17.7,16.5,18.9,30158,27350,32966,25.6,23.2,28,18871,16631,21111,23,20.3,25.7,51719,50167,53271,,,,,,,Ramsey County,MN,est11_MN.txt,11/28/2012
2011,27,125,464,371,557,11.4,9.1,13.7,158,123,193,16.1,12.6,19.6,104,79,129,15.1,11.5,18.7,44658,40590,48726,,,,,,,Red Lake County,MN,est11_MN.txt,11/28/2012
2011,27,127,1625,1321,1929,10.4,8.5,12.3,560,438,682,14.5,11.3,17.7,376,288,464,13.3,10.2,16.4,47858,44642,51074,,,,,,,Redwood County,MN,est11_MN.txt,11/28/2012
2011,27,129,1679,1359,1999,11.1,9,13.2,591,457,725,17.1,13.2,21,380,284,476,15.1,11.3,18.9,49153,46462,51844,,,,,,,Renville County,MN,est11_MN.txt,11/28/2012
2011,27,131,6422,5166,7678,11.2,9,13.4,2031,1606,2456,13.8,10.9,16.7,1339,1036,1642,12.5,9.7,15.3,56781,52145,61417,,,,,,,Rice County,MN,est11_MN.txt,11/28/2012
2011,27,133,1021,837,1205,10.9,8.9,12.9,356,282,430,14.6,11.5,17.7,235,182,288,13.1,10.2,16,49920,44895,54945,,,,,,,Rock County,MN,est11_MN.txt,11/28/2012
2011,27,135,1859,1618,2100,12.1,10.5,13.7,610,512,708,15.4,12.9,17.9,365,292,438,12.3,9.8,14.8,48344,44072,52616,,,,,,,Roseau County,MN,est11_MN.txt,11/28/2012
2011,27,137,33653,30848,36458,17.5,16,19,8039,6851,9227,21.3,18.2,24.4,5107,4263,5951,18.9,15.8,22,44475,42633,46317,,,,,,,St. Louis County,MN,est11_MN.txt,11/28/2012
2011,27,139,7560,6222,8898,5.8,4.8,6.8,2783,2205,3361,7.1,5.6,8.6,1893,1478,2308,6.6,5.1,8.1,81586,78194,84978,,,,,,,Scott County,MN,est11_MN.txt,11/28/2012
2011,27,141,6620,5436,7804,7.6,6.2,9,2307,1814,2800,9.2,7.2,11.2,1469,1121,1817,7.9,6,9.8,68646,63405,73887,,,,,,,Sherburne County,MN,est11_MN.txt,11/28/2012
2011,27,143,1741,1430,2052,11.6,9.5,13.7,632,510,754,16.9,13.6,20.2,391,304,478,14.2,11,17.4,53047,50259,55835,,,,,,,Sibley County,MN,est11_MN.txt,11/28/2012
2011,27,145,19379,17350,21408,13.5,12.1,14.9,4387,3612,5162,13,10.7,15.3,2705,2147,3263,11.2,8.9,13.5,52053,49470,54636,,,,,,,Stearns County,MN,est11_MN.txt,11/28/2012
2011,27,147,3476,2878,4074,9.6,7.9,11.3,1280,1015,1545,13.6,10.8,16.4,873,679,1067,12.9,10,15.8,54971,51666,58276,,,,,,,Steele County,MN,est11_MN.txt,11/28/2012
2011,27,149,1173,960,1386,13.3,10.9,15.7,235,180,290,12.2,9.3,15.1,141,104,178,10.3,7.6,13,46892,42869,50915,,,,,,,Stevens County,MN,est11_MN.txt,11/28/2012
2011,27,151,999,792,1206,10.5,8.3,12.7,314,241,387,15,11.5,18.5,198,147,249,13.1,9.8,16.4,46209,43535,48883,,,,,,,Swift County,MN,est11_MN.txt,11/28/2012
2011,27,153,4098,3511,4685,16.7,14.3,19.1,1464,1205,1723,24.5,20.2,28.8,871,670,1072,20.2,15.5,24.9,41290,38305,44275,,,,,,,Todd County,MN,est11_MN.txt,11/28/2012
2011,27,155,425,332,518,12.4,9.7,15.1,137,106,168,18.8,14.6,23,91,69,113,16,12.1,19.9,45815,41834,49796,,,,,,,Traverse County,MN,est11_MN.txt,11/28/2012
2011,27,157,1992,1625,2359,9.3,7.6,11,639,512,766,13.1,10.5,15.7,423,331,515,11.7,9.2,14.2,53899,49498,58300,,,,,,,Wabasha County,MN,est11_MN.txt,11/28/2012
2011,27,159,2419,1989,2849,18.2,15,21.4,818,650,986,25.5,20.3,30.7,538,416,660,23.1,17.9,28.3,36097,32594,39600,,,,,,,Wadena County,MN,est11_MN.txt,11/28/2012
2011,27,161,1771,1395,2147,9.9,7.8,12,603,461,745,13.5,10.3,16.7,393,293,493,12.1,9,15.2,52660,49720,55600,,,,,,,Waseca County,MN,est11_MN.txt,11/28/2012
2011,27,163,13993,11965,16021,5.9,5,6.8,4421,3578,5264,7.1,5.7,8.5,2775,2128,3422,5.9,4.5,7.3,77069,74467,79671,,,,,,,Washington County,MN,est11_MN.txt,11/28/2012
2011,27,165,1301,1024,1578,11.8,9.3,14.3,482,370,594,17.6,13.5,21.7,318,239,397,16.2,12.2,20.2,46565,42615,50515,,,,,,,Watonwan County,MN,est11_MN.txt,11/28/2012
2011,27,167,619,485,753,9.6,7.5,11.7,197,152,242,12.9,10,15.8,131,99,163,11.3,8.5,14.1,50004,45222,54786,,,,,,,Wilkin County,MN,est11_MN.txt,11/28/2012
2011,27,169,6893,5906,7880,14.6,12.5,16.7,1386,1077,1695,14.6,11.3,17.9,877,657,1097,12.6,9.4,15.8,46028,42202,49854,,,,,,,Winona County,MN,est11_MN.txt,11/28/2012
2011,27,171,8658,7223,10093,6.9,5.8,8,3169,2535,3803,8.6,6.9,10.3,1970,1501,2439,7.5,5.7,9.3,68387,64617,72157,,,,,,,Wright County,MN,est11_MN.txt,11/28/2012
2011,27,173,1116,905,1327,11.1,9,13.2,357,278,436,15,11.7,18.3,237,181,293,13.6,10.4,16.8,46586,43493,49679,,,,,,,Yellow Medicine County,MN,est11_MN.txt,11/28/2012
2012,27,0,597515,584948,610082,11.4,11.2,11.6,183595,176905,190285,14.6,14.1,15.1,119040,113252,124828,13.1,12.5,13.7,58828,58186,59470,58481,55336,61626,17,16.1,17.9,Minnesota,MN,est12_MN.txt,11/15/2013
2012,27,1,2187,1808,2566,13.9,11.5,16.3,662,513,811,24.3,18.8,29.8,435,329,541,21.5,16.2,26.8,38871,35728,42014,,,,,,,Aitkin County,MN,est12_MN.txt,11/15/2013
2012,27,3,27583,24731,30435,8.3,7.4,9.2,8891,7536,10246,10.7,9.1,12.3,5885,4909,6861,9.6,8,11.2,67811,65500,70122,,,,,,,Anoka County,MN,est12_MN.txt,11/15/2013
2012,27,5,4384,3630,5138,13.5,11.2,15.8,1631,1295,1967,20.6,16.3,24.9,1063,819,1307,18.4,14.2,22.6,47356,44065,50647,,,,,,,Becker County,MN,est12_MN.txt,11/15/2013
2012,27,7,9193,8049,10337,21.2,18.6,23.8,3138,2582,3694,28,23,33,2027,1604,2450,26.3,20.8,31.8,42655,40269,45041,,,,,,,Beltrami County,MN,est12_MN.txt,11/15/2013
2012,27,9,4051,3389,4713,10.6,8.9,12.3,1153,892,1414,12.4,9.6,15.2,735,553,917,11.1,8.3,13.9,52308,48646,55970,,,,,,,Benton County,MN,est12_MN.txt,11/15/2013
2012,27,11,664,542,786,13.2,10.8,15.6,212,171,253,20.2,16.3,24.1,137,107,167,18.2,14.2,22.2,44210,40744,47676,,,,,,,Big Stone County,MN,est12_MN.txt,11/15/2013
2012,27,13,10165,9051,11279,16.6,14.8,18.4,1889,1523,2255,15.2,12.2,18.2,1222,959,1485,14.1,11.1,17.1,48788,46125,51451,,,,,,,Blue Earth County,MN,est12_MN.txt,11/15/2013
2012,27,15,2158,1757,2559,8.8,7.2,10.4,581,450,712,10.7,8.3,13.1,373,284,462,9.5,7.2,11.8,48348,45080,51616,,,,,,,Brown County,MN,est12_MN.txt,11/15/2013
2012,27,17,4242,3673,4811,12.6,10.9,14.3,1026,828,1224,12.9,10.4,15.4,634,490,778,10.8,8.4,13.2,50049,46918,53180,,,,,,,Carlton County,MN,est12_MN.txt,11/15/2013
2012,27,19,4159,3350,4968,4.5,3.6,5.4,1311,1008,1614,4.9,3.8,6,798,593,1003,3.9,2.9,4.9,85064,80600,89528,,,,,,,Carver County,MN,est12_MN.txt,11/15/2013
2012,27,21,5006,4425,5587,17.8,15.7,19.9,1660,1390,1930,28.3,23.7,32.9,1089,887,1291,25.6,20.9,30.3,43491,41574,45408,,,,,,,Cass County,MN,est12_MN.txt,11/15/2013
2012,27,23,1169,935,1403,9.8,7.8,11.8,398,308,488,14.5,11.2,17.8,246,184,308,12.4,9.3,15.5,49545,46100,52990,,,,,,,Chippewa County,MN,est12_MN.txt,11/15/2013
2012,27,25,4012,3369,4655,7.7,6.5,8.9,1122,878,1366,8.8,6.9,10.7,703,537,869,7.2,5.5,8.9,65617,61748,69486,,,,,,,Chisago County,MN,est12_MN.txt,11/15/2013
2012,27,27,6443,5271,7615,11.4,9.3,13.5,1834,1412,2256,13.4,10.3,16.5,1200,905,1495,12.5,9.4,15.6,51954,49116,54792,,,,,,,Clay County,MN,est12_MN.txt,11/15/2013
2012,27,29,1331,1083,1579,15.5,12.6,18.4,516,402,630,24.7,19.2,30.2,340,262,418,22.4,17.3,27.5,40704,38159,43249,,,,,,,Clearwater County,MN,est12_MN.txt,11/15/2013
2012,27,31,577,476,678,11.2,9.2,13.2,148,118,178,17.3,13.8,20.8,86,65,107,13.7,10.4,17,46621,42839,50403,,,,,,,Cook County,MN,est12_MN.txt,11/15/2013
2012,27,33,1363,1117,1609,12,9.8,14.2,450,352,548,16.8,13.1,20.5,289,221,357,14.7,11.3,18.1,44449,41353,47545,,,,,,,Cottonwood County,MN,est12_MN.txt,11/15/2013
2012,27,35,8085,6812,9358,13,11,15,2674,2155,3193,19.2,15.5,22.9,1717,1359,2075,17.1,13.5,20.7,47061,45165,48957,,,,,,,Crow Wing County,MN,est12_MN.txt,11/15/2013
2012,27,37,30381,27227,33535,7.5,6.7,8.3,10119,8793,11445,9.9,8.6,11.2,6046,4994,7098,8,6.6,9.4,71574,69529,73619,,,,,,,Dakota County,MN,est12_MN.txt,11/15/2013
2012,27,39,1607,1334,1880,8,6.6,9.4,595,483,707,10.6,8.6,12.6,392,317,467,9.3,7.5,11.1,65548,62483,68613,,,,,,,Dodge County,MN,est12_MN.txt,11/15/2013
2012,27,41,3479,2788,4170,9.7,7.8,11.6,1006,781,1231,13.2,10.3,16.1,655,499,811,11.8,9,14.6,53096,49795,56397,,,,,,,Douglas County,MN,est12_MN.txt,11/15/2013
2012,27,43,1915,1603,2227,13.8,11.6,16,642,515,769,21.3,17.1,25.5,428,340,516,19.5,15.5,23.5,42833,40392,45274,,,,,,,Faribault County,MN,est12_MN.txt,11/15/2013
2012,27,45,2546,2152,2940,12.4,10.5,14.3,866,704,1028,17.9,14.6,21.2,543,423,663,15.5,12.1,18.9,49370,46700,52040,,,,,,,Fillmore County,MN,est12_MN.txt,11/15/2013
2012,27,47,3454,2860,4048,11.3,9.4,13.2,1129,900,1358,17.1,13.6,20.6,755,594,916,15.8,12.4,19.2,44988,42008,47968,,,,,,,Freeborn County,MN,est12_MN.txt,11/15/2013
2012,27,49,4169,3535,4803,9.2,7.8,10.6,1299,1062,1536,12.3,10,14.6,917,751,1083,11.9,9.7,14.1,56875,54409,59341,,,,,,,Goodhue County,MN,est12_MN.txt,11/15/2013
2012,27,51,651,523,779,11.1,8.9,13.3,214,168,260,17.2,13.5,20.9,139,107,171,15.7,12,19.4,47616,43567,51665,,,,,,,Grant County,MN,est12_MN.txt,11/15/2013
2012,27,53,151955,144801,159109,13.1,12.5,13.7,45436,41976,48896,17.3,16,18.6,29759,27125,32393,16,14.6,17.4,62500,61058,63942,,,,,,,Hennepin County,MN,est12_MN.txt,11/15/2013
2012,27,55,1878,1576,2180,10.1,8.5,11.7,521,428,614,12.6,10.4,14.8,343,279,407,11.1,9,13.2,50523,47154,53892,,,,,,,Houston County,MN,est12_MN.txt,11/15/2013
2012,27,57,2748,2296,3200,13.6,11.4,15.8,891,716,1066,21.2,17.1,25.3,590,466,714,19.5,15.4,23.6,44140,41537,46743,,,,,,,Hubbard County,MN,est12_MN.txt,11/15/2013
2012,27,59,3455,2780,4130,9.1,7.3,10.9,1180,920,1440,12.6,9.8,15.4,783,598,968,11.4,8.7,14.1,58318,54182,62454,,,,,,,Isanti County,MN,est12_MN.txt,11/15/2013
2012,27,61,6112,5151,7073,13.8,11.6,16,1801,1438,2164,19.3,15.4,23.2,1227,966,1488,17.7,13.9,21.5,43504,41005,46003,,,,,,,Itasca County,MN,est12_MN.txt,11/15/2013
2012,27,63,1040,857,1223,10.2,8.4,12,361,290,432,15.9,12.8,19,230,181,279,13.7,10.8,16.6,52892,49284,56500,,,,,,,Jackson County,MN,est12_MN.txt,11/15/2013
2012,27,65,2307,1929,2685,14.6,12.2,17,764,614,914,21.7,17.5,25.9,494,387,601,18.5,14.5,22.5,44229,41531,46927,,,,,,,Kanabec County,MN,est12_MN.txt,11/15/2013
2012,27,67,5208,4473,5943,12.5,10.7,14.3,1939,1611,2267,19.9,16.5,23.3,1210,963,1457,17.3,13.8,20.8,48993,46119,51867,,,,,,,Kandiyohi County,MN,est12_MN.txt,11/15/2013
2012,27,69,465,380,550,10.6,8.7,12.5,134,103,165,13.8,10.6,17,88,66,110,11.8,8.9,14.7,44299,40519,48079,,,,,,,Kittson County,MN,est12_MN.txt,11/15/2013
2012,27,71,1665,1322,2008,12.9,10.3,15.5,564,432,696,21.4,16.4,26.4,379,285,473,18.8,14.1,23.5,43762,39763,47761,,,,,,,Koochiching County,MN,est12_MN.txt,11/15/2013
2012,27,73,646,509,783,9.3,7.3,11.3,212,164,260,14.2,11,17.4,142,108,176,12.6,9.5,15.7,50963,47142,54784,,,,,,,Lac qui Parle County,MN,est12_MN.txt,11/15/2013
2012,27,75,1207,986,1428,11.3,9.2,13.4,331,260,402,16.6,13.1,20.1,205,157,253,14.5,11.1,17.9,49369,45078,53660,,,,,,,Lake County,MN,est12_MN.txt,11/15/2013
2012,27,77,429,333,525,11,8.5,13.5,133,102,164,18,13.9,22.1,89,67,111,16.2,12.2,20.2,41084,38012,44156,,,,,,,Lake of the Woods County,MN,est12_MN.txt,11/15/2013
2012,27,79,2203,1797,2609,8,6.5,9.5,713,557,869,10.5,8.2,12.8,480,369,591,9.5,7.3,11.7,58326,55454,61198,,,,,,,Le Sueur County,MN,est12_MN.txt,11/15/2013
2012,27,81,589,477,701,10.3,8.3,12.3,164,129,199,12.9,10.1,15.7,106,81,131,11.6,8.9,14.3,43959,40267,47651,,,,,,,Lincoln County,MN,est12_MN.txt,11/15/2013
2012,27,83,3049,2533,3565,12.3,10.2,14.4,979,791,1167,15.8,12.8,18.8,635,501,769,14.7,11.6,17.8,48753,45616,51890,,,,,,,Lyon County,MN,est12_MN.txt,11/15/2013
2012,27,85,2861,2315,3407,8,6.5,9.5,995,786,1204,11.3,8.9,13.7,637,488,786,9.8,7.5,12.1,54231,50394,58068,,,,,,,McLeod County,MN,est12_MN.txt,11/15/2013
2012,27,87,1155,963,1347,21.2,17.7,24.7,558,447,669,34.4,27.5,41.3,366,286,446,33.8,26.5,41.1,37754,35065,40443,,,,,,,Mahnomen County,MN,est12_MN.txt,11/15/2013
2012,27,89,849,673,1025,9.1,7.2,11,279,215,343,13,10,16,183,139,227,11.6,8.8,14.4,52791,49876,55706,,,,,,,Marshall County,MN,est12_MN.txt,11/15/2013
2012,27,91,2540,2079,3001,12.6,10.3,14.9,850,670,1030,19.3,15.2,23.4,554,424,684,17,13,21,47212,43221,51203,,,,,,,Martin County,MN,est12_MN.txt,11/15/2013
2012,27,93,2719,2336,3102,12,10.3,13.7,838,691,985,14.9,12.3,17.5,545,441,649,13.4,10.9,15.9,50174,47032,53316,,,,,,,Meeker County,MN,est12_MN.txt,11/15/2013
2012,27,95,3303,2801,3805,13.1,11.1,15.1,1119,906,1332,18.1,14.6,21.6,746,599,893,16.5,13.2,19.8,45101,41917,48285,,,,,,,Mille Lacs County,MN,est12_MN.txt,11/15/2013
2012,27,97,3840,3256,4424,11.8,10,13.6,1204,927,1481,15.4,11.9,18.9,829,629,1029,14.7,11.2,18.2,48387,45057,51717,,,,,,,Morrison County,MN,est12_MN.txt,11/15/2013
2012,27,99,5494,4753,6235,14.1,12.2,16,1780,1438,2122,18.3,14.8,21.8,1190,946,1434,17.3,13.8,20.8,46315,42436,50194,,,,,,,Mower County,MN,est12_MN.txt,11/15/2013
2012,27,101,847,706,988,10,8.3,11.7,246,197,295,13.4,10.7,16.1,159,125,193,11.9,9.3,14.5,50353,46011,54695,,,,,,,Murray County,MN,est12_MN.txt,11/15/2013
2012,27,103,3132,2584,3680,10.2,8.4,12,784,607,961,11,8.5,13.5,494,372,616,9.7,7.3,12.1,58882,54327,63437,,,,,,,Nicollet County,MN,est12_MN.txt,11/15/2013
2012,27,105,2347,1876,2818,11.1,8.9,13.3,887,693,1081,16.1,12.6,19.6,581,442,720,15.3,11.6,19,47713,44448,50978,,,,,,,Nobles County,MN,est12_MN.txt,11/15/2013
2012,27,107,757,607,907,11.7,9.4,14,255,197,313,16.7,12.9,20.5,169,129,209,14.4,11,17.8,45043,41585,48501,,,,,,,Norman County,MN,est12_MN.txt,11/15/2013
2012,27,109,14125,12432,15818,9.8,8.6,11,4157,3386,4928,11.4,9.3,13.5,2710,2173,3247,10.6,8.5,12.7,64385,60877,67893,,,,,,,Olmsted County,MN,est12_MN.txt,11/15/2013
2012,27,111,5892,4918,6866,10.5,8.8,12.2,1845,1443,2247,15.5,12.1,18.9,1202,908,1496,13.9,10.5,17.3,50645,49055,52235,,,,,,,Otter Tail County,MN,est12_MN.txt,11/15/2013
2012,27,113,1490,1189,1791,10.8,8.6,13,489,384,594,15.1,11.9,18.3,321,245,397,14.1,10.8,17.4,46483,42606,50360,,,,,,,Pennington County,MN,est12_MN.txt,11/15/2013
2012,27,115,3670,2984,4356,13.4,10.9,15.9,1267,987,1547,20.8,16.2,25.4,817,623,1011,18.4,14,22.8,45943,43689,48197,,,,,,,Pine County,MN,est12_MN.txt,11/15/2013
2012,27,117,1026,831,1221,11.2,9.1,13.3,344,268,420,15.2,11.8,18.6,220,167,273,13.3,10.1,16.5,47143,43619,50667,,,,,,,Pipestone County,MN,est12_MN.txt,11/15/2013
2012,27,119,4098,3494,4702,13.6,11.6,15.6,1271,1016,1526,17.6,14.1,21.1,847,670,1024,16.2,12.8,19.6,47679,44045,51313,,,,,,,Polk County,MN,est12_MN.txt,11/15/2013
2012,27,121,1221,983,1459,11.4,9.2,13.6,358,284,432,15.8,12.5,19.1,229,177,281,14.2,11,17.4,50692,46571,54813,,,,,,,Pope County,MN,est12_MN.txt,11/15/2013
2012,27,123,85195,80140,90250,16.9,15.9,17.9,28770,26141,31399,24,21.8,26.2,18888,16819,20957,22.6,20.1,25.1,53707,51627,55787,,,,,,,Ramsey County,MN,est12_MN.txt,11/15/2013
2012,27,125,430,344,516,10.6,8.5,12.7,143,111,175,14.7,11.4,18,93,70,116,13.3,10.1,16.5,45228,41165,49291,,,,,,,Red Lake County,MN,est12_MN.txt,11/15/2013
2012,27,127,1719,1452,1986,11.1,9.4,12.8,603,494,712,15.9,13,18.8,410,333,487,14.8,12,17.6,48775,45328,52222,,,,,,,Redwood County,MN,est12_MN.txt,11/15/2013
2012,27,129,1577,1288,1866,10.5,8.6,12.4,562,434,690,16.4,12.7,20.1,376,287,465,15,11.4,18.6,50502,46379,54625,,,,,,,Renville County,MN,est12_MN.txt,11/15/2013
2012,27,131,6137,5059,7215,10.7,8.8,12.6,1961,1610,2312,13.6,11.2,16,1171,911,1431,11,8.5,13.5,59332,56075,62589,,,,,,,Rice County,MN,est12_MN.txt,11/15/2013
2012,27,133,891,715,1067,9.6,7.7,11.5,280,214,346,11.8,9,14.6,183,137,229,10.4,7.8,13,51766,47149,56383,,,,,,,Rock County,MN,est12_MN.txt,11/15/2013
2012,27,135,1186,943,1429,7.8,6.2,9.4,427,329,525,11,8.5,13.5,282,213,351,9.6,7.3,11.9,53261,50093,56429,,,,,,,Roseau County,MN,est12_MN.txt,11/15/2013
2012,27,137,29124,26505,31743,15.2,13.8,16.6,6692,5617,7767,17.7,14.8,20.6,4303,3501,5105,15.9,12.9,18.9,46601,44716,48486,,,,,,,St. Louis County,MN,est12_MN.txt,11/15/2013
2012,27,139,7129,5860,8398,5.3,4.4,6.2,2563,2010,3116,6.5,5.1,7.9,1689,1290,2088,5.8,4.4,7.2,86324,81225,91423,,,,,,,Scott County,MN,est12_MN.txt,11/15/2013
2012,27,141,5926,4788,7064,6.8,5.5,8.1,1932,1498,2366,7.8,6.1,9.5,1244,935,1553,6.8,5.1,8.5,69865,66566,73164,,,,,,,Sherburne County,MN,est12_MN.txt,11/15/2013
2012,27,143,1569,1299,1839,10.5,8.7,12.3,567,472,662,15.5,12.9,18.1,337,268,406,12.4,9.9,14.9,53732,50778,56686,,,,,,,Sibley County,MN,est12_MN.txt,11/15/2013
2012,27,145,18747,16646,20848,13,11.5,14.5,4009,3177,4841,11.8,9.3,14.3,2622,2011,3233,10.7,8.2,13.2,53986,50930,57042,,,,,,,Stearns County,MN,est12_MN.txt,11/15/2013
2012,27,147,2975,2358,3592,8.3,6.6,10,1177,908,1446,12.7,9.8,15.6,774,585,963,11.5,8.7,14.3,56940,53302,60578,,,,,,,Steele County,MN,est12_MN.txt,11/15/2013
2012,27,149,1120,919,1321,12.8,10.5,15.1,236,184,288,11.7,9.1,14.3,144,110,178,10,7.6,12.4,50832,46589,55075,,,,,,,Stevens County,MN,est12_MN.txt,11/15/2013
2012,27,151,1069,876,1262,11.3,9.3,13.3,323,256,390,15.6,12.4,18.8,209,164,254,14,11,17,48660,44727,52593,,,,,,,Swift County,MN,est12_MN.txt,11/15/2013
2012,27,153,3677,3104,4250,15.2,12.8,17.6,1335,1099,1571,22.9,18.8,27,857,680,1034,20.7,16.4,25,46765,44538,48992,,,,,,,Todd County,MN,est12_MN.txt,11/15/2013
2012,27,155,394,309,479,11.8,9.3,14.3,131,101,161,18.2,14.1,22.3,86,65,107,15.8,12,19.6,45907,41993,49821,,,,,,,Traverse County,MN,est12_MN.txt,11/15/2013
2012,27,157,1745,1418,2072,8.2,6.7,9.7,521,406,636,10.6,8.3,12.9,342,259,425,9.6,7.3,11.9,55686,51183,60189,,,,,,,Wabasha County,MN,est12_MN.txt,11/15/2013
2012,27,159,2258,1845,2671,16.9,13.8,20,719,563,875,22.4,17.5,27.3,469,358,580,20.8,15.9,25.7,37577,34396,40758,,,,,,,Wadena County,MN,est12_MN.txt,11/15/2013
2012,27,161,1778,1423,2133,9.9,7.9,11.9,581,452,710,13.1,10.2,16,388,296,480,12,9.1,14.9,52927,48479,57375,,,,,,,Waseca County,MN,est12_MN.txt,11/15/2013
2012,27,163,13346,11740,14952,5.5,4.8,6.2,3866,3125,4607,6.2,5,7.4,2427,1862,2992,5.2,4,6.4,80647,77818,83476,,,,,,,Washington County,MN,est12_MN.txt,11/15/2013
2012,27,165,1326,1081,1571,12,9.8,14.2,480,380,580,17.4,13.8,21,300,229,371,14.9,11.4,18.4,47115,44365,49865,,,,,,,Watonwan County,MN,est12_MN.txt,11/15/2013
2012,27,167,615,489,741,9.6,7.6,11.6,201,157,245,12.9,10,15.8,132,101,163,11.3,8.7,13.9,51940,47669,56211,,,,,,,Wilkin County,MN,est12_MN.txt,11/15/2013
2012,27,169,6504,5386,7622,13.8,11.4,16.2,1343,1059,1627,14.3,11.3,17.3,846,646,1046,12.2,9.3,15.1,49753,46878,52628,,,,,,,Winona County,MN,est12_MN.txt,11/15/2013
2012,27,171,8858,7513,10203,7,5.9,8.1,3054,2488,3620,8.3,6.8,9.8,1847,1438,2256,6.9,5.4,8.4,72216,69013,75419,,,,,,,Wright County,MN,est12_MN.txt,11/15/2013
2012,27,173,924,734,1114,9.3,7.4,11.2,307,234,380,13.2,10.1,16.3,208,156,260,12.3,9.2,15.4,53266,50600,55932,,,,,,,Yellow Medicine County,MN,est12_MN.txt,11/15/2013
2013,27,0,592526,580125,604927,11.2,11,11.4,176274,169025,183523,14,13.4,14.6,119438,113415,125461,13.1,12.4,13.8,60664,60237,61091,52258,48524,55992,15.4,14.3,16.5,Minnesota,MN,est13_MN.txt,11/5/2014
2013,27,1,2060,1637,2483,13.3,10.6,16,620,472,768,23.3,17.7,28.9,421,307,535,20.8,15.2,26.4,41784,39224,44344,,,,,,,Aitkin County,MN,est13_MN.txt,11/5/2014
2013,27,3,25532,22246,28818,7.6,6.6,8.6,8485,7007,9963,10.3,8.5,12.1,5988,4857,7119,9.8,7.9,11.7,70619,68655,72583,,,,,,,Anoka County,MN,est13_MN.txt,11/5/2014
2013,27,5,4413,3698,5128,13.5,11.3,15.7,1544,1222,1866,19.3,15.3,23.3,1003,751,1255,16.9,12.7,21.1,49183,45880,52486,,,,,,,Becker County,MN,est13_MN.txt,11/5/2014
2013,27,7,8829,7529,10129,20.2,17.2,23.2,3044,2458,3630,27.3,22,32.6,2021,1579,2463,26.3,20.5,32.1,42364,39139,45589,,,,,,,Beltrami County,MN,est13_MN.txt,11/5/2014
2013,27,9,4575,3810,5340,11.9,9.9,13.9,1340,1081,1599,14.3,11.5,17.1,854,661,1047,12.7,9.8,15.6,51564,48326,54802,,,,,,,Benton County,MN,est13_MN.txt,11/5/2014
2013,27,11,639,501,777,12.8,10,15.6,194,151,237,19.2,15,23.4,134,100,168,18.5,13.8,23.2,44637,40613,48661,,,,,,,Big Stone County,MN,est13_MN.txt,11/5/2014
2013,27,13,10431,9293,11569,17,15.1,18.9,1698,1299,2097,13.5,10.3,16.7,1163,853,1473,13.1,9.6,16.6,51283,48802,53764,,,,,,,Blue Earth County,MN,est13_MN.txt,11/5/2014
2013,27,15,2332,1932,2732,9.6,8,11.2,628,496,760,11.6,9.2,14,423,318,528,10.7,8,13.4,52061,47858,56264,,,,,,,Brown County,MN,est13_MN.txt,11/5/2014
2013,27,17,4086,3376,4796,12.1,10,14.2,1120,905,1335,14.1,11.4,16.8,775,616,934,13.3,10.6,16,52670,49380,55960,,,,,,,Carlton County,MN,est13_MN.txt,11/5/2014
2013,27,19,4605,3726,5484,4.9,4,5.8,1387,1072,1702,5.2,4,6.4,931,699,1163,4.5,3.4,5.6,86759,80750,92768,,,,,,,Carver County,MN,est13_MN.txt,11/5/2014
2013,27,21,4329,3638,5020,15.3,12.9,17.7,1569,1273,1865,26.6,21.6,31.6,1045,817,1273,24.2,18.9,29.5,48367,46222,50512,,,,,,,Cass County,MN,est13_MN.txt,11/5/2014
2013,27,23,1320,1082,1558,11.1,9.1,13.1,444,361,527,16.2,13.2,19.2,310,247,373,15.3,12.2,18.4,55232,52426,58038,,,,,,,Chippewa County,MN,est13_MN.txt,11/5/2014
2013,27,25,3571,2841,4301,6.8,5.4,8.2,1039,793,1285,8.2,6.3,10.1,669,485,853,6.9,5,8.8,71397,68487,74307,,,,,,,Chisago County,MN,est13_MN.txt,11/5/2014
2013,27,27,7063,5831,8295,12.4,10.2,14.6,1829,1438,2220,13.3,10.5,16.1,1183,887,1479,12.1,9.1,15.1,52567,47985,57149,,,,,,,Clay County,MN,est13_MN.txt,11/5/2014
2013,27,29,1426,1172,1680,16.4,13.5,19.3,529,414,644,24.6,19.3,29.9,357,271,443,22.6,17.2,28,44123,40995,47251,,,,,,,Clearwater County,MN,est13_MN.txt,11/5/2014
2013,27,31,522,404,640,10.1,7.8,12.4,141,109,173,16.5,12.7,20.3,92,68,116,15.1,11.2,19,48124,43952,52296,,,,,,,Cook County,MN,est13_MN.txt,11/5/2014
2013,27,33,1653,1379,1927,14.5,12.1,16.9,505,402,608,19,15.1,22.9,337,258,416,17.5,13.4,21.6,45453,41144,49762,,,,,,,Cottonwood County,MN,est13_MN.txt,11/5/2014
2013,27,35,7053,5738,8368,11.3,9.2,13.4,2267,1737,2797,16.4,12.6,20.2,1447,1045,1849,14.4,10.4,18.4,48661,46148,51174,,,,,,,Crow Wing County,MN,est13_MN.txt,11/5/2014
2013,27,37,33987,30336,37638,8.4,7.5,9.3,10203,8748,11658,10,8.6,11.4,7112,6018,8206,9.5,8,11,73833,70365,77301,,,,,,,Dakota County,MN,est13_MN.txt,11/5/2014
2013,27,39,1477,1166,1788,7.3,5.8,8.8,535,416,654,9.6,7.5,11.7,355,265,445,8.4,6.3,10.5,73799,70245,77353,,,,,,,Dodge County,MN,est13_MN.txt,11/5/2014
2013,27,41,3757,3111,4403,10.4,8.6,12.2,991,770,1212,13,10.1,15.9,678,509,847,12.1,9.1,15.1,52122,48740,55504,,,,,,,Douglas County,MN,est13_MN.txt,11/5/2014
2013,27,43,1595,1276,1914,11.5,9.2,13.8,531,406,656,18.2,13.9,22.5,345,251,439,16.1,11.7,20.5,47191,43326,51056,,,,,,,Faribault County,MN,est13_MN.txt,11/5/2014
2013,27,45,2192,1752,2632,10.7,8.5,12.9,784,610,958,16.1,12.5,19.7,511,378,644,14.4,10.7,18.1,51323,48965,53681,,,,,,,Fillmore County,MN,est13_MN.txt,11/5/2014
2013,27,47,3191,2489,3893,10.5,8.2,12.8,1116,849,1383,16.9,12.8,21,727,524,930,15.2,11,19.4,47698,45507,49889,,,,,,,Freeborn County,MN,est13_MN.txt,11/5/2014
2013,27,49,4253,3516,4990,9.3,7.7,10.9,1221,958,1484,11.6,9.1,14.1,828,621,1035,10.7,8,13.4,61428,57485,65371,,,,,,,Goodhue County,MN,est13_MN.txt,11/5/2014
2013,27,51,631,498,764,10.7,8.4,13,205,158,252,16.4,12.7,20.1,142,106,178,15.5,11.6,19.4,49618,44961,54275,,,,,,,Grant County,MN,est13_MN.txt,11/5/2014
2013,27,53,143427,134507,152347,12.2,11.4,13,40346,36163,44529,15.3,13.7,16.9,27780,24782,30778,15,13.4,16.6,64331,62947,65715,,,,,,,Hennepin County,MN,est13_MN.txt,11/5/2014
2013,27,55,1937,1603,2271,10.4,8.6,12.2,479,383,575,11.9,9.5,14.3,334,261,407,10.9,8.5,13.3,51160,47131,55189,,,,,,,Houston County,MN,est13_MN.txt,11/5/2014
2013,27,57,2733,2229,3237,13.4,10.9,15.9,881,686,1076,21,16.4,25.6,597,446,748,19.8,14.8,24.8,46530,44373,48687,,,,,,,Hubbard County,MN,est13_MN.txt,11/5/2014
2013,27,59,3151,2548,3754,8.4,6.8,10,994,745,1243,10.8,8.1,13.5,714,517,911,10.4,7.5,13.3,58436,54391,62481,,,,,,,Isanti County,MN,est13_MN.txt,11/5/2014
2013,27,61,5815,4659,6971,13.1,10.5,15.7,1911,1509,2313,20.5,16.2,24.8,1221,923,1519,17.8,13.4,22.2,46834,43427,50241,,,,,,,Itasca County,MN,est13_MN.txt,11/5/2014
2013,27,63,975,771,1179,9.6,7.6,11.6,319,244,394,14,10.7,17.3,222,164,280,13.1,9.7,16.5,56397,51480,61314,,,,,,,Jackson County,MN,est13_MN.txt,11/5/2014
2013,27,65,2246,1866,2626,14.2,11.8,16.6,744,596,892,21.6,17.3,25.9,531,416,646,20,15.7,24.3,46940,43204,50676,,,,,,,Kanabec County,MN,est13_MN.txt,11/5/2014
2013,27,67,4967,4001,5933,11.9,9.6,14.2,1767,1383,2151,18.1,14.2,22,1232,933,1531,17.6,13.3,21.9,53290,51095,55485,,,,,,,Kandiyohi County,MN,est13_MN.txt,11/5/2014
2013,27,69,443,352,534,10.1,8,12.2,129,100,158,13.2,10.3,16.1,88,65,111,11.7,8.7,14.7,48458,44212,52704,,,,,,,Kittson County,MN,est13_MN.txt,11/5/2014
2013,27,71,2183,1820,2546,16.9,14.1,19.7,588,464,712,22.9,18.1,27.7,403,305,501,20.6,15.6,25.6,44817,40686,48948,,,,,,,Koochiching County,MN,est13_MN.txt,11/5/2014
2013,27,73,719,572,866,10.5,8.4,12.6,208,162,254,14.3,11.2,17.4,145,110,180,13.4,10.1,16.7,46805,42987,50623,,,,,,,Lac qui Parle County,MN,est13_MN.txt,11/5/2014
2013,27,75,1178,943,1413,11.1,8.9,13.3,325,254,396,16.6,13,20.2,212,159,265,15,11.3,18.7,50875,45914,55836,,,,,,,Lake County,MN,est13_MN.txt,11/5/2014
2013,27,77,480,370,590,12.4,9.5,15.3,142,109,175,19.9,15.3,24.5,99,73,125,18.9,14,23.8,42644,38702,46586,,,,,,,Lake of the Woods County,MN,est13_MN.txt,11/5/2014
2013,27,79,2435,1973,2897,8.9,7.2,10.6,765,591,939,11.2,8.7,13.7,520,383,657,10.2,7.5,12.9,60190,57224,63156,,,,,,,Le Sueur County,MN,est13_MN.txt,11/5/2014
2013,27,81,651,534,768,11.4,9.3,13.5,176,137,215,13.6,10.6,16.6,123,93,153,13,9.8,16.2,48205,44193,52217,,,,,,,Lincoln County,MN,est13_MN.txt,11/5/2014
2013,27,83,3159,2669,3649,12.8,10.8,14.8,939,744,1134,15.2,12,18.4,601,447,755,13.9,10.3,17.5,51011,48138,53884,,,,,,,Lyon County,MN,est13_MN.txt,11/5/2014
2013,27,85,3109,2501,3717,8.8,7.1,10.5,1014,803,1225,11.8,9.3,14.3,689,524,854,10.8,8.2,13.4,54971,51568,58374,,,,,,,McLeod County,MN,est13_MN.txt,11/5/2014
2013,27,87,1320,1124,1516,24.3,20.7,27.9,624,509,739,38.3,31.3,45.3,398,308,488,37.9,29.4,46.4,39706,36188,43224,,,,,,,Mahnomen County,MN,est13_MN.txt,11/5/2014
2013,27,89,859,673,1045,9.2,7.2,11.2,287,221,353,13.6,10.5,16.7,196,145,247,12.4,9.2,15.6,53692,49563,57821,,,,,,,Marshall County,MN,est13_MN.txt,11/5/2014
2013,27,91,2325,1799,2851,11.6,9,14.2,769,592,946,17.8,13.7,21.9,522,383,661,16.2,11.9,20.5,51118,46969,55267,,,,,,,Martin County,MN,est13_MN.txt,11/5/2014
2013,27,93,2129,1702,2556,9.4,7.5,11.3,685,527,843,12.2,9.4,15,468,348,588,11.3,8.4,14.2,55327,51996,58658,,,,,,,Meeker County,MN,est13_MN.txt,11/5/2014
2013,27,95,3056,2499,3613,12.1,9.9,14.3,1081,845,1317,17.9,14,21.8,711,528,894,16.1,12,20.2,48978,46093,51863,,,,,,,Mille Lacs County,MN,est13_MN.txt,11/5/2014
2013,27,97,3951,3238,4664,12.2,10,14.4,1265,976,1554,16.4,12.7,20.1,851,631,1071,15,11.1,18.9,48716,45418,52014,,,,,,,Morrison County,MN,est13_MN.txt,11/5/2014
2013,27,99,5300,4385,6215,13.7,11.3,16.1,1777,1421,2133,18.7,15,22.4,1212,938,1486,18,13.9,22.1,50479,47947,53011,,,,,,,Mower County,MN,est13_MN.txt,11/5/2014
2013,27,101,803,645,961,9.6,7.7,11.5,237,183,291,13.1,10.1,16.1,159,117,201,11.9,8.7,15.1,53300,49423,57177,,,,,,,Murray County,MN,est13_MN.txt,11/5/2014
2013,27,103,3506,2946,4066,11.4,9.6,13.2,843,667,1019,11.7,9.3,14.1,559,425,693,10.8,8.2,13.4,58620,54253,62987,,,,,,,Nicollet County,MN,est13_MN.txt,11/5/2014
2013,27,105,3016,2486,3546,14.2,11.7,16.7,1073,863,1283,19.4,15.6,23.2,703,533,873,18.5,14,23,50936,47752,54120,,,,,,,Nobles County,MN,est13_MN.txt,11/5/2014
2013,27,107,879,709,1049,13.6,11,16.2,297,235,359,19.8,15.7,23.9,208,161,255,17.6,13.7,21.5,45276,41105,49447,,,,,,,Norman County,MN,est13_MN.txt,11/5/2014
2013,27,109,12153,10113,14193,8.3,6.9,9.7,3782,2944,4620,10.3,8,12.6,2510,1867,3153,9.7,7.2,12.2,65829,63509,68149,,,,,,,Olmsted County,MN,est13_MN.txt,11/5/2014
2013,27,111,6667,5623,7711,11.8,10,13.6,1985,1592,2378,16.5,13.2,19.8,1370,1074,1666,15.6,12.2,19,48157,46126,50188,,,,,,,Otter Tail County,MN,est13_MN.txt,11/5/2014
2013,27,113,1475,1176,1774,10.7,8.5,12.9,471,361,581,14.6,11.2,18,327,241,413,14.5,10.7,18.3,47300,43368,51232,,,,,,,Pennington County,MN,est13_MN.txt,11/5/2014
2013,27,115,4265,3521,5009,15.7,13,18.4,1359,1068,1650,23.2,18.2,28.2,910,684,1136,20.9,15.7,26.1,43026,39893,46159,,,,,,,Pine County,MN,est13_MN.txt,11/5/2014
2013,27,117,1126,908,1344,12.4,10,14.8,382,301,463,17.2,13.5,20.9,258,196,320,15.8,12,19.6,47613,44824,50402,,,,,,,Pipestone County,MN,est13_MN.txt,11/5/2014
2013,27,119,4033,3364,4702,13.3,11.1,15.5,1256,993,1519,17.4,13.8,21,844,641,1047,16,12.1,19.9,52706,50378,55034,,,,,,,Polk County,MN,est13_MN.txt,11/5/2014
2013,27,121,1181,950,1412,11,8.9,13.1,306,235,377,13.5,10.4,16.6,213,158,268,13,9.6,16.4,55404,51347,59461,,,,,,,Pope County,MN,est13_MN.txt,11/5/2014
2013,27,123,82805,77293,88317,16.2,15.1,17.3,27140,24154,30126,22.5,20,25,18057,15852,20262,21.5,18.9,24.1,56293,54356,58230,,,,,,,Ramsey County,MN,est13_MN.txt,11/5/2014
2013,27,125,448,359,537,11.2,9,13.4,136,106,166,14.2,11.1,17.3,93,70,116,13.4,10.1,16.7,45019,40889,49149,,,,,,,Red Lake County,MN,est13_MN.txt,11/5/2014
2013,27,127,1571,1290,1852,10.2,8.4,12,520,401,639,13.7,10.6,16.8,342,249,435,12.2,8.9,15.5,50453,46660,54246,,,,,,,Redwood County,MN,est13_MN.txt,11/5/2014
2013,27,129,1748,1432,2064,11.8,9.7,13.9,592,474,710,17.8,14.2,21.4,375,281,469,15.5,11.6,19.4,53823,50378,57268,,,,,,,Renville County,MN,est13_MN.txt,11/5/2014
2013,27,131,6650,5441,7859,11.6,9.5,13.7,1975,1594,2356,13.9,11.2,16.6,1341,1054,1628,12.9,10.1,15.7,58644,55076,62212,,,,,,,Rice County,MN,est13_MN.txt,11/5/2014
2013,27,133,972,782,1162,10.5,8.4,12.6,314,248,380,13.5,10.7,16.3,207,157,257,11.9,9,14.8,54045,48803,59287,,,,,,,Rock County,MN,est13_MN.txt,11/5/2014
2013,27,135,1331,1050,1612,8.7,6.9,10.5,449,348,550,11.9,9.2,14.6,303,223,383,10.7,7.9,13.5,51576,48571,54581,,,,,,,Roseau County,MN,est13_MN.txt,11/5/2014
2013,27,137,31806,28843,34769,16.5,15,18,7120,6005,8235,19,16,22,4991,4169,5813,18.4,15.4,21.4,46022,44217,47827,,,,,,,St. Louis County,MN,est13_MN.txt,11/5/2014
2013,27,139,8032,6676,9388,5.9,4.9,6.9,2652,2114,3190,6.7,5.3,8.1,1784,1353,2215,6.1,4.6,7.6,85481,79952,91010,,,,,,,Scott County,MN,est13_MN.txt,11/5/2014
2013,27,141,5722,4597,6847,6.5,5.2,7.8,1882,1470,2294,7.7,6,9.4,1282,966,1598,7,5.3,8.7,74915,69867,79963,,,,,,,Sherburne County,MN,est13_MN.txt,11/5/2014
2013,27,143,1452,1162,1742,9.8,7.8,11.8,500,394,606,13.7,10.8,16.6,315,236,394,11.5,8.6,14.4,56007,51184,60830,,,,,,,Sibley County,MN,est13_MN.txt,11/5/2014
2013,27,145,18417,16083,20751,12.7,11.1,14.3,4282,3404,5160,12.6,10,15.2,2886,2220,3552,11.8,9.1,14.5,56705,54000,59410,,,,,,,Stearns County,MN,est13_MN.txt,11/5/2014
2013,27,147,3853,3231,4475,10.7,9,12.4,1310,1049,1571,14.4,11.5,17.3,888,687,1089,13.4,10.4,16.4,53932,50484,57380,,,,,,,Steele County,MN,est13_MN.txt,11/5/2014
2013,27,149,1229,1035,1423,14,11.8,16.2,226,176,276,11.4,8.9,13.9,145,111,179,9.9,7.6,12.2,56140,50835,61445,,,,,,,Stevens County,MN,est13_MN.txt,11/5/2014
2013,27,151,970,764,1176,10.3,8.1,12.5,288,221,355,14.2,10.9,17.5,195,145,245,13.4,9.9,16.9,52083,47633,56533,,,,,,,Swift County,MN,est13_MN.txt,11/5/2014
2013,27,153,3237,2592,3882,13.5,10.8,16.2,1181,927,1435,20.8,16.3,25.3,823,625,1021,20.3,15.4,25.2,43974,41086,46862,,,,,,,Todd County,MN,est13_MN.txt,11/5/2014
2013,27,155,397,305,489,11.9,9.1,14.7,133,103,163,18.3,14.1,22.5,92,68,116,17.1,12.7,21.5,50451,45604,55298,,,,,,,Traverse County,MN,est13_MN.txt,11/5/2014
2013,27,157,1984,1651,2317,9.4,7.8,11,560,446,674,11.7,9.3,14.1,400,313,487,11.4,8.9,13.9,52617,48985,56249,,,,,,,Wabasha County,MN,est13_MN.txt,11/5/2014
2013,27,159,2073,1635,2511,15.5,12.2,18.8,670,508,832,20.3,15.4,25.2,456,332,580,18.9,13.8,24,39805,36230,43380,,,,,,,Wadena County,MN,est13_MN.txt,11/5/2014
2013,27,161,1832,1440,2224,10.3,8.1,12.5,601,467,735,14,10.9,17.1,420,315,525,13.2,9.9,16.5,53448,48981,57915,,,,,,,Waseca County,MN,est13_MN.txt,11/5/2014
2013,27,163,14085,12153,16017,5.8,5,6.6,4297,3521,5073,6.9,5.6,8.2,2771,2135,3407,5.9,4.5,7.3,81052,78709,83395,,,,,,,Washington County,MN,est13_MN.txt,11/5/2014
2013,27,165,1229,953,1505,11.2,8.7,13.7,467,357,577,17.3,13.2,21.4,314,229,399,15.9,11.6,20.2,48064,44070,52058,,,,,,,Watonwan County,MN,est13_MN.txt,11/5/2014
2013,27,167,703,573,833,11,9,13,208,161,255,13.7,10.6,16.8,144,106,182,12.8,9.4,16.2,52849,48354,57344,,,,,,,Wilkin County,MN,est13_MN.txt,11/5/2014
2013,27,169,6741,5689,7793,14.4,12.2,16.6,1285,1003,1567,14,10.9,17.1,872,657,1087,12.6,9.5,15.7,49636,45976,53296,,,,,,,Winona County,MN,est13_MN.txt,11/5/2014
2013,27,171,8993,7564,10422,7.1,6,8.2,2984,2407,3561,8.2,6.6,9.8,1938,1504,2372,7.2,5.6,8.8,71999,68372,75626,,,,,,,Wright County,MN,est13_MN.txt,11/5/2014
2013,27,173,1070,875,1265,10.8,8.8,12.8,325,256,394,14.1,11.1,17.1,223,169,277,13.2,10,16.4,50311,46346,54276,,,,,,,Yellow Medicine County,MN,est13_MN.txt,11/5/2014
2014,27,0,607870,594503,621237,11.4,11.1,11.7,186025,178092,193958,14.8,14.2,15.4,123053,116214,129892,13.5,12.8,14.2,61473,61010,61936,57480,53738,61222,16.8,15.7,17.9,Minnesota,MN,est14_MN.txt,11/6/2015
2014,27,1,2306,1908,2704,14.9,12.3,17.5,645,499,791,23.9,18.5,29.3,432,327,537,21.1,16,26.2,40676,37647,43705,,,,,,,Aitkin County,MN,est14_MN.txt,11/6/2015
2014,27,3,25800,22650,28950,7.6,6.7,8.5,8767,7194,10340,10.7,8.8,12.6,5969,4815,7123,9.8,7.9,11.7,70868,68885,72851,,,,,,,Anoka County,MN,est14_MN.txt,11/6/2015
2014,27,5,4793,4140,5446,14.6,12.6,16.6,1536,1228,1844,19.1,15.3,22.9,1016,785,1247,17.2,13.3,21.1,51116,48338,53894,,,,,,,Becker County,MN,est14_MN.txt,11/6/2015
2014,27,7,8056,6917,9195,18.5,15.9,21.1,2785,2157,3413,24.8,19.2,30.4,1862,1394,2330,24.1,18,30.2,43706,40801,46611,,,,,,,Beltrami County,MN,est14_MN.txt,11/6/2015
2014,27,9,5272,4622,5922,13.6,11.9,15.3,1412,1148,1676,14.8,12,17.6,892,705,1079,13,10.3,15.7,52531,48263,56799,,,,,,,Benton County,MN,est14_MN.txt,11/6/2015
2014,27,11,640,507,773,12.8,10.1,15.5,176,134,218,17,13,21,122,92,152,16.9,12.8,21,46495,42292,50698,,,,,,,Big Stone County,MN,est14_MN.txt,11/6/2015
2014,27,13,11095,10051,12139,17.9,16.2,19.6,2130,1758,2502,16.8,13.9,19.7,1372,1105,1639,15.3,12.3,18.3,49513,45980,53046,,,,,,,Blue Earth County,MN,est14_MN.txt,11/6/2015
2014,27,15,2153,1701,2605,8.9,7,10.8,632,491,773,11.7,9.1,14.3,416,315,517,10.4,7.9,12.9,52272,48496,56048,,,,,,,Brown County,MN,est14_MN.txt,11/6/2015
2014,27,17,4086,3434,4738,12.1,10.2,14,1085,866,1304,13.7,10.9,16.5,702,546,858,12,9.3,14.7,53291,49850,56732,,,,,,,Carlton County,MN,est14_MN.txt,11/6/2015
2014,27,19,4613,3665,5561,4.8,3.8,5.8,1477,1158,1796,5.5,4.3,6.7,973,755,1191,4.7,3.6,5.8,88500,81930,95070,,,,,,,Carver County,MN,est14_MN.txt,11/6/2015
2014,27,21,4434,3773,5095,15.7,13.4,18,1521,1214,1828,25.9,20.7,31.1,1051,821,1281,24.5,19.1,29.9,45179,42979,47379,,,,,,,Cass County,MN,est14_MN.txt,11/6/2015
2014,27,23,1371,1115,1627,11.5,9.3,13.7,480,388,572,17.5,14.1,20.9,291,224,358,14.5,11.2,17.8,51274,46143,56405,,,,,,,Chippewa County,MN,est14_MN.txt,11/6/2015
2014,27,25,3251,2484,4018,6.2,4.7,7.7,921,662,1180,7.3,5.2,9.4,613,437,789,6.4,4.6,8.2,75122,71846,78398,,,,,,,Chisago County,MN,est14_MN.txt,11/6/2015
2014,27,27,7704,6367,9041,13.3,11,15.6,2063,1615,2511,14.7,11.5,17.9,1344,1025,1663,13.5,10.3,16.7,55560,51357,59763,,,,,,,Clay County,MN,est14_MN.txt,11/6/2015
2014,27,29,1540,1289,1791,17.8,14.9,20.7,574,457,691,26.8,21.3,32.3,382,297,467,23.7,18.4,29,43674,40488,46860,,,,,,,Clearwater County,MN,est14_MN.txt,11/6/2015
2014,27,31,537,418,656,10.4,8.1,12.7,136,103,169,16.2,12.3,20.1,90,67,113,14.4,10.8,18,48593,43934,53252,,,,,,,Cook County,MN,est14_MN.txt,11/6/2015
2014,27,33,1473,1198,1748,12.9,10.5,15.3,513,403,623,18.9,14.9,22.9,344,268,420,17.8,13.9,21.7,48176,44190,52162,,,,,,,Cottonwood County,MN,est14_MN.txt,11/6/2015
2014,27,35,6815,5572,8058,10.9,8.9,12.9,2245,1706,2784,16.3,12.4,20.2,1449,1072,1826,14.4,10.7,18.1,50162,48041,52283,,,,,,,Crow Wing County,MN,est14_MN.txt,11/6/2015
2014,27,37,29892,26347,33437,7.3,6.4,8.2,9827,8289,11365,9.6,8.1,11.1,6516,5427,7605,8.7,7.2,10.2,76269,74590,77948,,,,,,,Dakota County,MN,est14_MN.txt,11/6/2015
2014,27,39,1531,1234,1828,7.6,6.1,9.1,564,445,683,10.2,8,12.4,377,293,461,8.9,6.9,10.9,68777,64399,73155,,,,,,,Dodge County,MN,est14_MN.txt,11/6/2015
2014,27,41,3474,2824,4124,9.6,7.8,11.4,973,771,1175,12.7,10.1,15.3,643,502,784,11.4,8.9,13.9,52298,49030,55566,,,,,,,Douglas County,MN,est14_MN.txt,11/6/2015
2014,27,43,1866,1568,2164,13.5,11.3,15.7,630,506,754,21.1,16.9,25.3,444,357,531,20.3,16.3,24.3,48163,45168,51158,,,,,,,Faribault County,MN,est14_MN.txt,11/6/2015
2014,27,45,2360,1925,2795,11.6,9.5,13.7,826,635,1017,16.9,13,20.8,561,423,699,15.7,11.8,19.6,52444,49130,55758,,,,,,,Fillmore County,MN,est14_MN.txt,11/6/2015
2014,27,47,3774,3092,4456,12.5,10.2,14.8,1216,968,1464,18.4,14.6,22.2,806,629,983,16.8,13.1,20.5,47203,43573,50833,,,,,,,Freeborn County,MN,est14_MN.txt,11/6/2015
2014,27,49,4377,3691,5063,9.6,8.1,11.1,1232,984,1480,11.9,9.5,14.3,867,691,1043,11.3,9,13.6,60869,55876,65862,,,,,,,Goodhue County,MN,est14_MN.txt,11/6/2015
2014,27,51,615,476,754,10.5,8.1,12.9,219,166,272,17.3,13.1,21.5,151,113,189,16.3,12.2,20.4,48179,43661,52697,,,,,,,Grant County,MN,est14_MN.txt,11/6/2015
2014,27,53,154785,146207,163363,13,12.3,13.7,45438,41490,49386,17.1,15.6,18.6,29503,26493,32513,15.9,14.3,17.5,64490,62862,66118,,,,,,,Hennepin County,MN,est14_MN.txt,11/6/2015
2014,27,55,1560,1250,1870,8.4,6.7,10.1,422,320,524,10.7,8.1,13.3,276,205,347,9.2,6.8,11.6,59900,56998,62802,,,,,,,Houston County,MN,est14_MN.txt,11/6/2015
2014,27,57,2491,2024,2958,12.2,9.9,14.5,817,629,1005,19.3,14.8,23.8,549,411,687,18.1,13.6,22.6,47944,44516,51372,,,,,,,Hubbard County,MN,est14_MN.txt,11/6/2015
2014,27,59,2971,2320,3622,7.8,6.1,9.5,1073,814,1332,11.7,8.9,14.5,736,549,923,10.7,8,13.4,65342,61212,69472,,,,,,,Isanti County,MN,est14_MN.txt,11/6/2015
2014,27,61,6545,5514,7576,14.7,12.4,17,2037,1655,2419,21.8,17.7,25.9,1362,1091,1633,19.9,16,23.8,48525,45351,51699,,,,,,,Itasca County,MN,est14_MN.txt,11/6/2015
2014,27,63,992,798,1186,9.8,7.9,11.7,343,270,416,15,11.8,18.2,240,188,292,14.4,11.3,17.5,53700,48884,58516,,,,,,,Jackson County,MN,est14_MN.txt,11/6/2015
2014,27,65,2166,1828,2504,13.8,11.6,16,707,564,850,21,16.7,25.3,461,351,571,17.8,13.6,22,48908,45953,51863,,,,,,,Kanabec County,MN,est14_MN.txt,11/6/2015
2014,27,67,4783,3899,5667,11.5,9.4,13.6,1823,1451,2195,18.7,14.9,22.5,1220,931,1509,17.4,13.3,21.5,57405,54562,60248,,,,,,,Kandiyohi County,MN,est14_MN.txt,11/6/2015
2014,27,69,427,332,522,9.9,7.7,12.1,130,99,161,13.6,10.4,16.8,88,66,110,12.2,9.2,15.2,50372,45982,54762,,,,,,,Kittson County,MN,est14_MN.txt,11/6/2015
2014,27,71,1933,1545,2321,15.3,12.2,18.4,536,413,659,22.5,17.3,27.7,373,285,461,20,15.3,24.7,44113,40199,48027,,,,,,,Koochiching County,MN,est14_MN.txt,11/6/2015
2014,27,73,700,563,837,10.4,8.4,12.4,198,150,246,14.3,10.8,17.8,139,104,174,13.5,10.1,16.9,48245,43871,52619,,,,,,,Lac qui Parle County,MN,est14_MN.txt,11/6/2015
2014,27,75,1098,890,1306,10.5,8.5,12.5,300,233,367,15.3,11.9,18.7,193,145,241,13.5,10.1,16.9,52381,47557,57205,,,,,,,Lake County,MN,est14_MN.txt,11/6/2015
2014,27,77,412,309,515,10.7,8,13.4,131,100,162,18.6,14.2,23,90,67,113,17,12.7,21.3,44727,40200,49254,,,,,,,Lake of the Woods County,MN,est14_MN.txt,11/6/2015
2014,27,79,2434,1982,2886,8.9,7.3,10.5,730,564,896,10.9,8.4,13.4,515,397,633,10.1,7.8,12.4,61665,59235,64095,,,,,,,Le Sueur County,MN,est14_MN.txt,11/6/2015
2014,27,81,577,462,692,10.2,8.2,12.2,170,128,212,13.2,9.9,16.5,117,87,147,12.1,9,15.2,48449,44607,52291,,,,,,,Lincoln County,MN,est14_MN.txt,11/6/2015
2014,27,83,2839,2294,3384,11.5,9.3,13.7,990,773,1207,15.7,12.2,19.2,677,516,838,15.2,11.6,18.8,53552,49176,57928,,,,,,,Lyon County,MN,est14_MN.txt,11/6/2015
2014,27,85,2797,2214,3380,7.9,6.3,9.5,941,723,1159,11.2,8.6,13.8,660,505,815,10.7,8.2,13.2,60114,57012,63216,,,,,,,McLeod County,MN,est14_MN.txt,11/6/2015
2014,27,87,1063,874,1252,19.6,16.1,23.1,535,413,657,32.6,25.2,40,357,267,447,32.7,24.4,41,39926,36555,43297,,,,,,,Mahnomen County,MN,est14_MN.txt,11/6/2015
2014,27,89,891,726,1056,9.6,7.8,11.4,272,211,333,12.8,9.9,15.7,188,146,230,12.1,9.4,14.8,54433,51000,57866,,,,,,,Marshall County,MN,est14_MN.txt,11/6/2015
2014,27,91,2434,1940,2928,12.2,9.7,14.7,840,655,1025,19.5,15.2,23.8,558,421,695,17.4,13.1,21.7,52042,48319,55765,,,,,,,Martin County,MN,est14_MN.txt,11/6/2015
2014,27,93,2268,1857,2679,10,8.2,11.8,736,580,892,13.1,10.3,15.9,501,389,613,12,9.3,14.7,54354,51565,57143,,,,,,,Meeker County,MN,est14_MN.txt,11/6/2015
2014,27,95,3035,2489,3581,12,9.8,14.2,1047,800,1294,17.3,13.2,21.4,713,528,898,16.2,12,20.4,48434,45142,51726,,,,,,,Mille Lacs County,MN,est14_MN.txt,11/6/2015
2014,27,97,3839,3168,4510,11.8,9.7,13.9,1205,917,1493,15.8,12,19.6,823,620,1026,14.7,11.1,18.3,50685,48144,53226,,,,,,,Morrison County,MN,est14_MN.txt,11/6/2015
2014,27,99,4700,3815,5585,12.1,9.8,14.4,1557,1191,1923,16.3,12.5,20.1,1080,817,1343,15.7,11.9,19.5,47537,43276,51798,,,,,,,Mower County,MN,est14_MN.txt,11/6/2015
2014,27,101,796,634,958,9.6,7.6,11.6,240,185,295,13.3,10.3,16.3,161,122,200,12.3,9.3,15.3,52219,49256,55182,,,,,,,Murray County,MN,est14_MN.txt,11/6/2015
2014,27,103,3134,2555,3713,10.2,8.3,12.1,814,621,1007,11.4,8.7,14.1,550,415,685,10.5,7.9,13.1,61279,56443,66115,,,,,,,Nicollet County,MN,est14_MN.txt,11/6/2015
2014,27,105,2769,2232,3306,13,10.5,15.5,1011,800,1222,18.1,14.3,21.9,634,476,792,16.5,12.4,20.6,50684,47710,53658,,,,,,,Nobles County,MN,est14_MN.txt,11/6/2015
2014,27,107,868,705,1031,13.4,10.9,15.9,287,228,346,19,15.1,22.9,190,148,232,16.4,12.8,20,51597,48170,55024,,,,,,,Norman County,MN,est14_MN.txt,11/6/2015
2014,27,109,14462,12700,16224,9.8,8.6,11,4718,3951,5485,12.9,10.8,15,3137,2572,3702,12.1,9.9,14.3,69430,64999,73861,,,,,,,Olmsted County,MN,est14_MN.txt,11/6/2015
2014,27,111,6363,5321,7405,11.2,9.4,13,1948,1537,2359,16.1,12.7,19.5,1333,1021,1645,15.2,11.6,18.8,51510,49136,53884,,,,,,,Otter Tail County,MN,est14_MN.txt,11/6/2015
2014,27,113,1274,994,1554,9.3,7.3,11.3,401,302,500,12.7,9.6,15.8,273,203,343,12.3,9.2,15.4,50905,46639,55171,,,,,,,Pennington County,MN,est14_MN.txt,11/6/2015
2014,27,115,4762,4163,5361,17.5,15.3,19.7,1459,1233,1685,25.1,21.2,29,933,760,1106,21.3,17.4,25.2,42157,40107,44207,,,,,,,Pine County,MN,est14_MN.txt,11/6/2015
2014,27,117,1110,885,1335,12.2,9.7,14.7,407,314,500,18.1,14,22.2,274,208,340,16.7,12.7,20.7,47164,43630,50698,,,,,,,Pipestone County,MN,est14_MN.txt,11/6/2015
2014,27,119,3875,3224,4526,12.7,10.6,14.8,1150,892,1408,15.8,12.3,19.3,768,578,958,14.6,11,18.2,50175,46757,53593,,,,,,,Polk County,MN,est14_MN.txt,11/6/2015
2014,27,121,1129,910,1348,10.4,8.4,12.4,306,234,378,13.3,10.2,16.4,212,161,263,12.9,9.8,16,51343,47279,55407,,,,,,,Pope County,MN,est14_MN.txt,11/6/2015
2014,27,123,85264,79025,91503,16.5,15.3,17.7,29535,26252,32818,24.1,21.4,26.8,19869,17487,22251,23.4,20.6,26.2,55070,53404,56736,,,,,,,Ramsey County,MN,est14_MN.txt,11/6/2015
2014,27,125,368,284,452,9.2,7.1,11.3,114,86,142,11.5,8.7,14.3,74,55,93,10.7,8,13.4,48188,43673,52703,,,,,,,Red Lake County,MN,est14_MN.txt,11/6/2015
2014,27,127,1886,1605,2167,12.4,10.5,14.3,678,561,795,18.3,15.2,21.4,460,377,543,16.9,13.8,20,49934,45940,53928,,,,,,,Redwood County,MN,est14_MN.txt,11/6/2015
2014,27,129,1661,1359,1963,11.3,9.2,13.4,570,450,690,17.1,13.5,20.7,401,315,487,16.4,12.9,19.9,54386,50247,58525,,,,,,,Renville County,MN,est14_MN.txt,11/6/2015
2014,27,131,7510,6468,8552,13,11.2,14.8,2296,1950,2642,16,13.6,18.4,1402,1134,1670,13.3,10.8,15.8,60317,57177,63457,,,,,,,Rice County,MN,est14_MN.txt,11/6/2015
2014,27,133,890,707,1073,9.6,7.6,11.6,282,214,350,12.1,9.2,15,185,138,232,10.8,8,13.6,55352,50258,60446,,,,,,,Rock County,MN,est14_MN.txt,11/6/2015
2014,27,135,1418,1145,1691,9.2,7.4,11,466,370,562,12.3,9.8,14.8,311,241,381,10.9,8.4,13.4,53838,49652,58024,,,,,,,Roseau County,MN,est14_MN.txt,11/6/2015
2014,27,137,32867,30157,35577,17,15.6,18.4,7491,6362,8620,19.9,16.9,22.9,4601,3713,5489,16.9,13.6,20.2,49714,47569,51859,,,,,,,St. Louis County,MN,est14_MN.txt,11/6/2015
2014,27,139,7590,6296,8884,5.5,4.6,6.4,2733,2152,3314,6.9,5.4,8.4,1857,1431,2283,6.3,4.9,7.7,91688,85807,97569,,,,,,,Scott County,MN,est14_MN.txt,11/6/2015
2014,27,141,6395,5183,7607,7.2,5.8,8.6,2123,1682,2564,8.7,6.9,10.5,1421,1112,1730,7.8,6.1,9.5,76512,71008,82016,,,,,,,Sherburne County,MN,est14_MN.txt,11/6/2015
2014,27,143,1353,1075,1631,9.2,7.3,11.1,483,368,598,13.5,10.3,16.7,327,247,407,12.2,9.2,15.2,59893,56585,63201,,,,,,,Sibley County,MN,est14_MN.txt,11/6/2015
2014,27,145,19537,17572,21502,13.4,12.1,14.7,4586,3774,5398,13.5,11.1,15.9,3095,2490,3700,12.6,10.1,15.1,55832,53614,58050,,,,,,,Stearns County,MN,est14_MN.txt,11/6/2015
2014,27,147,3931,3312,4550,10.9,9.2,12.6,1533,1280,1786,16.9,14.1,19.7,1001,819,1183,15.1,12.4,17.8,57850,52521,63179,,,,,,,Steele County,MN,est14_MN.txt,11/6/2015
2014,27,149,1258,1051,1465,14.2,11.9,16.5,236,180,292,11.7,8.9,14.5,151,113,189,10.1,7.6,12.6,55292,50354,60230,,,,,,,Stevens County,MN,est14_MN.txt,11/6/2015
2014,27,151,1005,803,1207,10.8,8.6,13,290,222,358,14.5,11.1,17.9,193,146,240,13.5,10.2,16.8,51032,46272,55792,,,,,,,Swift County,MN,est14_MN.txt,11/6/2015
2014,27,153,4250,3773,4727,17.8,15.8,19.8,1423,1203,1643,24.9,21,28.8,850,672,1028,21.1,16.7,25.5,43287,40470,46104,,,,,,,Todd County,MN,est14_MN.txt,11/6/2015
2014,27,155,400,308,492,12.2,9.4,15,134,101,167,19.4,14.6,24.2,94,70,118,17.7,13.2,22.2,49536,46053,53019,,,,,,,Traverse County,MN,est14_MN.txt,11/6/2015
2014,27,157,1549,1195,1903,7.3,5.6,9,494,374,614,10.5,8,13,338,253,423,9.8,7.3,12.3,58752,55176,62328,,,,,,,Wabasha County,MN,est14_MN.txt,11/6/2015
2014,27,159,2107,1719,2495,15.8,12.9,18.7,727,576,878,22.4,17.7,27.1,495,387,603,20.7,16.2,25.2,41909,38667,45151,,,,,,,Wadena County,MN,est14_MN.txt,11/6/2015
2014,27,161,1793,1434,2152,10.1,8.1,12.1,590,453,727,13.6,10.5,16.7,406,308,504,12.7,9.6,15.8,54183,49539,58827,,,,,,,Waseca County,MN,est14_MN.txt,11/6/2015
2014,27,163,14735,12675,16795,6,5.2,6.8,4195,3353,5037,6.8,5.4,8.2,2796,2196,3396,6,4.7,7.3,84113,80265,87961,,,,,,,Washington County,MN,est14_MN.txt,11/6/2015
2014,27,165,1135,872,1398,10.4,8,12.8,443,332,554,16.4,12.3,20.5,309,229,389,15.9,11.8,20,48658,44632,52684,,,,,,,Watonwan County,MN,est14_MN.txt,11/6/2015
2014,27,167,653,517,789,10.3,8.1,12.5,184,138,230,12.7,9.5,15.9,125,92,158,11.6,8.5,14.7,54536,49054,60018,,,,,,,Wilkin County,MN,est14_MN.txt,11/6/2015
2014,27,169,7400,6467,8333,15.8,13.8,17.8,1325,1043,1607,14.5,11.4,17.6,900,701,1099,13,10.1,15.9,49365,46124,52606,,,,,,,Winona County,MN,est14_MN.txt,11/6/2015
2014,27,171,7700,6351,9049,6,5,7,2453,1866,3040,6.7,5.1,8.3,1593,1175,2011,5.9,4.4,7.4,76489,72483,80495,,,,,,,Wright County,MN,est14_MN.txt,11/6/2015
2014,27,173,1105,912,1298,11.2,9.3,13.1,337,259,415,14.5,11.1,17.9,230,174,286,13.8,10.4,17.2,51028,47867,54189,,,,,,,Yellow Medicine County,MN,est14_MN.txt,11/6/2015
2015,27,0,546499,534759,558239,10.2,10,10.4,165217,158109,172325,13.1,12.5,13.7,110093,103956,116230,12.1,11.4,12.8,63459,62805,64113,48782,45457,52107,14.2,13.2,15.2,Minnesota,MN,est15_MN.txt,11/22/2016
2015,27,1,2191,1822,2560,14.2,11.8,16.6,598,466,730,22.4,17.5,27.3,417,315,519,20.4,15.4,25.4,43817,40629,47005,,,,,,,Aitkin County,MN,est15_MN.txt,11/22/2016
2015,27,3,24058,21033,27083,7.1,6.2,8,7541,6225,8857,9.2,7.6,10.8,5007,4004,6010,8.3,6.6,10,73276,70493,76059,,,,,,,Anoka County,MN,est15_MN.txt,11/22/2016
2015,27,5,3728,3124,4332,11.3,9.5,13.1,1335,1065,1605,16.5,13.2,19.8,880,665,1095,14.8,11.2,18.4,54304,50758,57850,,,,,,,Becker County,MN,est15_MN.txt,11/22/2016
2015,27,7,7081,5722,8440,16.2,13.1,19.3,2619,2059,3179,23.5,18.5,28.5,1697,1279,2115,22,16.6,27.4,46031,42985,49077,,,,,,,Beltrami County,MN,est15_MN.txt,11/22/2016
2015,27,9,4431,3778,5084,11.4,9.7,13.1,1286,1046,1526,13.5,11,16,787,604,970,11.4,8.7,14.1,52513,48687,56339,,,,,,,Benton County,MN,est15_MN.txt,11/22/2016
2015,27,11,566,440,692,11.5,8.9,14.1,160,124,196,15.9,12.3,19.5,108,81,135,15.1,11.3,18.9,47583,43020,52146,,,,,,,Big Stone County,MN,est15_MN.txt,11/22/2016
2015,27,13,10725,9690,11760,17.2,15.5,18.9,1794,1415,2173,14,11,17,1125,837,1413,12.3,9.2,15.4,49664,46420,52908,,,,,,,Blue Earth County,MN,est15_MN.txt,11/22/2016
2015,27,15,2003,1597,2409,8.3,6.6,10,571,446,696,10.6,8.3,12.9,373,278,468,9.3,6.9,11.7,56330,52691,59969,,,,,,,Brown County,MN,est15_MN.txt,11/22/2016
2015,27,17,3658,3015,4301,10.8,8.9,12.7,958,768,1148,12.2,9.8,14.6,647,504,790,11,8.6,13.4,54945,51085,58805,,,,,,,Carlton County,MN,est15_MN.txt,11/22/2016
2015,27,19,4407,3534,5280,4.5,3.6,5.4,1263,988,1538,4.7,3.7,5.7,806,612,1000,3.9,3,4.8,93857,88926,98788,,,,,,,Carver County,MN,est15_MN.txt,11/22/2016
2015,27,21,4259,3583,4935,15,12.6,17.4,1550,1264,1836,26,21.2,30.8,1074,861,1287,24.8,19.9,29.7,47645,45242,50048,,,,,,,Cass County,MN,est15_MN.txt,11/22/2016
2015,27,23,1319,1066,1572,11.1,9,13.2,425,335,515,15.3,12.1,18.5,277,208,346,13.6,10.2,17,50896,46030,55762,,,,,,,Chippewa County,MN,est15_MN.txt,11/22/2016
2015,27,25,3348,2670,4026,6.3,5,7.6,974,755,1193,7.9,6.1,9.7,639,481,797,6.7,5,8.4,70036,66078,73994,,,,,,,Chisago County,MN,est15_MN.txt,11/22/2016
2015,27,27,7140,5968,8312,12.1,10.1,14.1,1798,1403,2193,12.5,9.8,15.2,1183,893,1473,11.5,8.7,14.3,60417,56951,63883,,,,,,,Clay County,MN,est15_MN.txt,11/22/2016
2015,27,29,1267,1007,1527,14.6,11.6,17.6,503,393,613,23.3,18.2,28.4,340,258,422,21.2,16.1,26.3,42689,40391,44987,,,,,,,Clearwater County,MN,est15_MN.txt,11/22/2016
2015,27,31,571,466,676,11.1,9.1,13.1,139,114,164,17.8,14.6,21,93,75,111,16.1,13,19.2,50350,45677,55023,,,,,,,Cook County,MN,est15_MN.txt,11/22/2016
2015,27,33,1554,1303,1805,13.7,11.5,15.9,521,423,619,19.1,15.5,22.7,337,264,410,17.3,13.6,21,49448,45184,53712,,,,,,,Cottonwood County,MN,est15_MN.txt,11/22/2016
2015,27,35,6500,5278,7722,10.4,8.5,12.3,2039,1592,2486,14.9,11.6,18.2,1312,981,1643,13.1,9.8,16.4,50755,47448,54062,,,,,,,Crow Wing County,MN,est15_MN.txt,11/22/2016
2015,27,37,29191,26097,32285,7.1,6.3,7.9,9227,7912,10542,9.1,7.8,10.4,6023,5055,6991,8,6.7,9.3,77576,74443,80709,,,,,,,Dakota County,MN,est15_MN.txt,11/22/2016
2015,27,39,1388,1096,1680,6.9,5.5,8.3,467,363,571,8.6,6.7,10.5,310,234,386,7.5,5.7,9.3,65494,59804,71184,,,,,,,Dodge County,MN,est15_MN.txt,11/22/2016
2015,27,41,3206,2576,3836,8.8,7.1,10.5,886,692,1080,11.4,8.9,13.9,577,435,719,10.1,7.6,12.6,56819,52422,61216,,,,,,,Douglas County,MN,est15_MN.txt,11/22/2016
2015,27,43,1542,1236,1848,11.3,9.1,13.5,533,419,647,18.1,14.2,22,357,268,446,16.5,12.4,20.6,52169,48609,55729,,,,,,,Faribault County,MN,est15_MN.txt,11/22/2016
2015,27,45,2212,1786,2638,10.8,8.7,12.9,847,670,1024,17.1,13.5,20.7,556,425,687,15.4,11.8,19,52170,48808,55532,,,,,,,Fillmore County,MN,est15_MN.txt,11/22/2016
2015,27,47,4033,3423,4643,13.4,11.4,15.4,1287,1072,1502,19.7,16.4,23,827,660,994,17.3,13.8,20.8,47418,45087,49749,,,,,,,Freeborn County,MN,est15_MN.txt,11/22/2016
2015,27,49,4042,3393,4691,8.9,7.5,10.3,1104,891,1317,10.8,8.7,12.9,735,573,897,9.7,7.6,11.8,60285,56460,64110,,,,,,,Goodhue County,MN,est15_MN.txt,11/22/2016
2015,27,51,615,496,734,10.6,8.5,12.7,192,150,234,15.1,11.8,18.4,129,97,161,14.2,10.7,17.7,50570,45963,55177,,,,,,,Grant County,MN,est15_MN.txt,11/22/2016
2015,27,53,130801,122783,138819,10.9,10.2,11.6,37142,33067,41217,13.9,12.4,15.4,25272,22231,28313,13.6,12,15.2,68902,67520,70284,,,,,,,Hennepin County,MN,est15_MN.txt,11/22/2016
2015,27,55,1528,1206,1850,8.2,6.5,9.9,408,322,494,10.2,8,12.4,279,215,343,9.3,7.2,11.4,56276,52091,60461,,,,,,,Houston County,MN,est15_MN.txt,11/22/2016
2015,27,57,2174,1714,2634,10.6,8.4,12.8,784,608,960,18.3,14.2,22.4,538,403,673,17.5,13.1,21.9,52841,50461,55221,,,,,,,Hubbard County,MN,est15_MN.txt,11/22/2016
2015,27,59,2922,2348,3496,7.7,6.2,9.2,912,704,1120,10.1,7.8,12.4,601,443,759,8.9,6.6,11.2,63134,58301,67967,,,,,,,Isanti County,MN,est15_MN.txt,11/22/2016
2015,27,61,5656,4775,6537,12.7,10.7,14.7,1640,1311,1969,17.7,14.2,21.2,1121,876,1366,16.4,12.8,20,52064,48722,55406,,,,,,,Itasca County,MN,est15_MN.txt,11/22/2016
2015,27,63,918,731,1105,9.2,7.3,11.1,286,226,346,13,10.3,15.7,187,142,232,11.7,8.9,14.5,54001,49331,58671,,,,,,,Jackson County,MN,est15_MN.txt,11/22/2016
2015,27,65,1828,1477,2179,11.7,9.5,13.9,612,472,752,18.2,14,22.4,436,326,546,17.1,12.8,21.4,48907,45441,52373,,,,,,,Kanabec County,MN,est15_MN.txt,11/22/2016
2015,27,67,4568,3694,5442,10.9,8.8,13,1673,1321,2025,16.8,13.3,20.3,1135,869,1401,16,12.2,19.8,52597,50119,55075,,,,,,,Kandiyohi County,MN,est15_MN.txt,11/22/2016
2015,27,69,440,345,535,10.2,8,12.4,136,107,165,14.1,11.1,17.1,91,69,113,12.9,9.8,16,55545,53580,57510,,,,,,,Kittson County,MN,est15_MN.txt,11/22/2016
2015,27,71,1794,1462,2126,14.3,11.7,16.9,532,417,647,22,17.2,26.8,366,277,455,19.6,14.9,24.3,46807,42727,50887,,,,,,,Koochiching County,MN,est15_MN.txt,11/22/2016
2015,27,73,560,427,693,8.4,6.4,10.4,182,141,223,13.5,10.4,16.6,126,94,158,12.6,9.4,15.8,50764,47860,53668,,,,,,,Lac qui Parle County,MN,est15_MN.txt,11/22/2016
2015,27,75,1024,809,1239,9.8,7.7,11.9,284,222,346,14.6,11.4,17.8,184,139,229,13,9.8,16.2,53093,48541,57645,,,,,,,Lake County,MN,est15_MN.txt,11/22/2016
2015,27,77,451,355,547,11.7,9.2,14.2,116,91,141,16.2,12.7,19.7,79,60,98,15,11.3,18.7,46128,41581,50675,,,,,,,Lake of the Woods County,MN,est15_MN.txt,11/22/2016
2015,27,79,2336,1862,2810,8.5,6.8,10.2,726,577,875,10.9,8.7,13.1,478,366,590,9.4,7.2,11.6,62672,57998,67346,,,,,,,Le Sueur County,MN,est15_MN.txt,11/22/2016
2015,27,81,525,405,645,9.3,7.2,11.4,171,132,210,13.1,10.1,16.1,114,85,143,12,8.9,15.1,52164,48510,55818,,,,,,,Lincoln County,MN,est15_MN.txt,11/22/2016
2015,27,83,3009,2538,3480,12.2,10.3,14.1,1064,901,1227,16.7,14.1,19.3,677,544,810,15.1,12.1,18.1,55051,50903,59199,,,,,,,Lyon County,MN,est15_MN.txt,11/22/2016
2015,27,85,3059,2540,3578,8.6,7.1,10.1,916,740,1092,11,8.9,13.1,610,478,742,10,7.8,12.2,60549,55831,65267,,,,,,,McLeod County,MN,est15_MN.txt,11/22/2016
2015,27,87,1153,991,1315,21.5,18.5,24.5,555,454,656,34.3,28,40.6,368,291,445,34.8,27.5,42.1,40849,37122,44576,,,,,,,Mahnomen County,MN,est15_MN.txt,11/22/2016
2015,27,89,777,599,955,8.3,6.4,10.2,250,194,306,11.6,9,14.2,165,124,206,10.6,8,13.2,55889,51666,60112,,,,,,,Marshall County,MN,est15_MN.txt,11/22/2016
2015,27,91,2687,2215,3159,13.6,11.2,16,826,661,991,19.5,15.6,23.4,562,436,688,17.9,13.9,21.9,48478,44599,52357,,,,,,,Martin County,MN,est15_MN.txt,11/22/2016
2015,27,93,1788,1398,2178,7.9,6.2,9.6,592,458,726,10.5,8.1,12.9,388,289,487,9.3,6.9,11.7,58607,54735,62479,,,,,,,Meeker County,MN,est15_MN.txt,11/22/2016
2015,27,95,3125,2586,3664,12.4,10.3,14.5,1092,877,1307,18.5,14.9,22.1,726,564,888,16.7,13,20.4,50633,47971,53295,,,,,,,Mille Lacs County,MN,est15_MN.txt,11/22/2016
2015,27,97,3521,2853,4189,10.9,8.8,13,1139,908,1370,15,12,18,722,553,891,12.9,9.9,15.9,54245,51423,57067,,,,,,,Morrison County,MN,est15_MN.txt,11/22/2016
2015,27,99,4185,3342,5028,10.8,8.6,13,1517,1191,1843,16.1,12.6,19.6,970,723,1217,14.4,10.7,18.1,50878,46615,55141,,,,,,,Mower County,MN,est15_MN.txt,11/22/2016
2015,27,101,747,584,910,9,7,11,221,171,271,12.7,9.9,15.5,147,110,184,11.4,8.5,14.3,50378,46074,54682,,,,,,,Murray County,MN,est15_MN.txt,11/22/2016
2015,27,103,3302,2740,3864,10.7,8.9,12.5,828,662,994,11.6,9.3,13.9,521,395,647,10,7.6,12.4,58839,54865,62813,,,,,,,Nicollet County,MN,est15_MN.txt,11/22/2016
2015,27,105,2769,2295,3243,12.9,10.7,15.1,986,791,1181,17.2,13.8,20.6,658,508,808,16.8,13,20.6,50100,45729,54471,,,,,,,Nobles County,MN,est15_MN.txt,11/22/2016
2015,27,107,760,597,923,11.7,9.2,14.2,267,208,326,17.6,13.7,21.5,179,135,223,15.5,11.7,19.3,50775,46917,54633,,,,,,,Norman County,MN,est15_MN.txt,11/22/2016
2015,27,109,13255,11335,15175,8.9,7.6,10.2,4105,3375,4835,11.1,9.1,13.1,2781,2231,3331,10.6,8.5,12.7,70063,67209,72917,,,,,,,Olmsted County,MN,est15_MN.txt,11/22/2016
2015,27,111,5499,4471,6527,9.7,7.9,11.5,1711,1340,2082,14.1,11,17.2,1146,873,1419,13,9.9,16.1,55357,53228,57486,,,,,,,Otter Tail County,MN,est15_MN.txt,11/22/2016
2015,27,113,1439,1178,1700,10.4,8.5,12.3,387,305,469,12,9.5,14.5,256,195,317,11.2,8.5,13.9,51341,46439,56243,,,,,,,Pennington County,MN,est15_MN.txt,11/22/2016
2015,27,115,3776,3113,4439,13.9,11.5,16.3,1080,854,1306,18.6,14.7,22.5,721,550,892,16.7,12.7,20.7,46332,43565,49099,,,,,,,Pine County,MN,est15_MN.txt,11/22/2016
2015,27,117,1000,790,1210,11,8.7,13.3,356,278,434,15.7,12.2,19.2,232,174,290,14.1,10.6,17.6,51939,48272,55606,,,,,,,Pipestone County,MN,est15_MN.txt,11/22/2016
2015,27,119,3576,2832,4320,11.8,9.4,14.2,1178,926,1430,16.2,12.7,19.7,780,595,965,14.7,11.2,18.2,54270,50499,58041,,,,,,,Polk County,MN,est15_MN.txt,11/22/2016
2015,27,121,918,710,1126,8.4,6.5,10.3,294,229,359,13,10.2,15.8,197,147,247,12.2,9.1,15.3,53267,48762,57772,,,,,,,Pope County,MN,est15_MN.txt,11/22/2016
2015,27,123,78920,72889,84951,15.1,13.9,16.3,27912,24934,30890,22.5,20.1,24.9,19000,16787,21213,22.2,19.6,24.8,57299,55362,59236,,,,,,,Ramsey County,MN,est15_MN.txt,11/22/2016
2015,27,125,390,306,474,9.7,7.6,11.8,120,93,147,12,9.3,14.7,79,59,99,11,8.3,13.7,52244,47786,56702,,,,,,,Red Lake County,MN,est15_MN.txt,11/22/2016
2015,27,127,1674,1423,1925,11,9.3,12.7,574,464,684,15.4,12.5,18.3,390,307,473,14.2,11.2,17.2,48520,44488,52552,,,,,,,Redwood County,MN,est15_MN.txt,11/22/2016
2015,27,129,1381,1082,1680,9.5,7.4,11.6,497,388,606,15.2,11.9,18.5,329,246,412,13.7,10.2,17.2,56835,54142,59528,,,,,,,Renville County,MN,est15_MN.txt,11/22/2016
2015,27,131,5353,4197,6509,9.2,7.2,11.2,1598,1242,1954,11.2,8.7,13.7,1046,781,1311,9.9,7.4,12.4,59863,55165,64561,,,,,,,Rice County,MN,est15_MN.txt,11/22/2016
2015,27,133,905,723,1087,9.7,7.8,11.6,299,239,359,12.6,10.1,15.1,190,145,235,10.7,8.2,13.2,55462,50430,60494,,,,,,,Rock County,MN,est15_MN.txt,11/22/2016
2015,27,135,1460,1224,1696,9.4,7.9,10.9,460,376,544,12,9.8,14.2,321,259,383,11.5,9.3,13.7,54416,50148,58684,,,,,,,Roseau County,MN,est15_MN.txt,11/22/2016
2015,27,137,25821,22986,28656,13.4,11.9,14.9,5668,4612,6724,15.2,12.4,18,3426,2644,4208,12.7,9.8,15.6,50141,47921,52361,,,,,,,St. Louis County,MN,est15_MN.txt,11/22/2016
2015,27,139,7203,5946,8460,5.1,4.2,6,2397,1898,2896,6,4.8,7.2,1644,1281,2007,5.5,4.3,6.7,92898,87995,97801,,,,,,,Scott County,MN,est15_MN.txt,11/22/2016
2015,27,141,6658,5576,7740,7.5,6.3,8.7,1975,1595,2355,8.1,6.5,9.7,1261,977,1545,6.9,5.4,8.4,79495,73959,85031,,,,,,,Sherburne County,MN,est15_MN.txt,11/22/2016
2015,27,143,1304,1039,1569,8.9,7.1,10.7,431,336,526,12.3,9.6,15,275,207,343,10.4,7.8,13,57052,53182,60922,,,,,,,Sibley County,MN,est15_MN.txt,11/22/2016
2015,27,145,19939,17872,22006,13.5,12.1,14.9,4963,4210,5716,14.3,12.1,16.5,3235,2658,3812,13,10.7,15.3,55244,53182,57306,,,,,,,Stearns County,MN,est15_MN.txt,11/22/2016
2015,27,147,3410,2791,4029,9.4,7.7,11.1,1209,974,1444,13.2,10.6,15.8,833,657,1009,12.6,9.9,15.3,60970,57107,64833,,,,,,,Steele County,MN,est15_MN.txt,11/22/2016
2015,27,149,960,758,1162,10.9,8.6,13.2,177,137,217,8.6,6.7,10.5,111,83,139,7.4,5.5,9.3,54323,50266,58380,,,,,,,Stevens County,MN,est15_MN.txt,11/22/2016
2015,27,151,1094,897,1291,11.9,9.8,14,306,247,365,15.2,12.2,18.2,199,155,243,14,10.9,17.1,47130,42675,51585,,,,,,,Swift County,MN,est15_MN.txt,11/22/2016
2015,27,153,3073,2510,3636,12.8,10.4,15.2,1102,885,1319,19.3,15.5,23.1,765,605,925,19,15,23,48840,45790,51890,,,,,,,Todd County,MN,est15_MN.txt,11/22/2016
2015,27,155,474,381,567,14.4,11.6,17.2,156,124,188,22.7,18,27.4,109,84,134,21,16.3,25.7,46764,42106,51422,,,,,,,Traverse County,MN,est15_MN.txt,11/22/2016
2015,27,157,1459,1123,1795,6.9,5.3,8.5,447,342,552,9.7,7.4,12,305,226,384,9,6.7,11.3,57873,53956,61790,,,,,,,Wabasha County,MN,est15_MN.txt,11/22/2016
2015,27,159,2014,1637,2391,15,12.2,17.8,653,505,801,19.6,15.2,24,443,332,554,18.1,13.6,22.6,45597,42484,48710,,,,,,,Wadena County,MN,est15_MN.txt,11/22/2016
2015,27,161,1744,1377,2111,9.9,7.8,12,589,457,721,13.6,10.6,16.6,392,291,493,12.2,9.1,15.3,54495,49998,58992,,,,,,,Waseca County,MN,est15_MN.txt,11/22/2016
2015,27,163,12744,10585,14903,5.1,4.2,6,3714,2996,4432,6,4.8,7.2,2416,1896,2936,5.2,4.1,6.3,88329,84028,92630,,,,,,,Washington County,MN,est15_MN.txt,11/22/2016
2015,27,165,1219,973,1465,11.3,9,13.6,436,345,527,16.7,13.2,20.2,287,219,355,15.1,11.5,18.7,48044,43740,52348,,,,,,,Watonwan County,MN,est15_MN.txt,11/22/2016
2015,27,167,609,477,741,9.8,7.7,11.9,187,146,228,13.2,10.3,16.1,124,93,155,12,9,15,56583,51514,61652,,,,,,,Wilkin County,MN,est15_MN.txt,11/22/2016
2015,27,169,5953,5008,6898,12.7,10.7,14.7,1163,907,1419,12.7,9.9,15.5,779,591,967,11.4,8.6,14.2,54367,50448,58286,,,,,,,Winona County,MN,est15_MN.txt,11/22/2016
2015,27,171,6629,5179,8079,5.1,4,6.2,2264,1757,2771,6.1,4.7,7.5,1487,1116,1858,5.4,4,6.8,76407,72801,80013,,,,,,,Wright County,MN,est15_MN.txt,11/22/2016
2015,27,173,1207,1030,1384,12.5,10.7,14.3,335,271,399,15,12.2,17.8,218,170,266,13.1,10.2,16,51569,47590,55548,,,,,,,Yellow Medicine County,MN,est15_MN.txt,11/22/2016
